haX,haY,haZ,hgX,hgY,hgZ,hmX,hmY,hmZ,aaX,aaY,aaZ,agX,agY,agZ,amX,amY,amZ,angle
0.00,-0.38,0.75,6.10,-1.59,6.16,206.49,235.73,195.69,-0.09,0.94,0.35,36.13,9.95,2.81,-260.88,-30.17,-213.78,90
0.04,-0.34,0.73,-3.11,2.44,-3.05,197.36,248.52,208.03,-0.10,0.96,0.32,7.32,-4.58,-0.43,-260.88,-44.37,-200.10,90
0.07,-0.35,0.71,6.41,4.52,-5.98,201.01,252.18,218.61,-0.09,0.95,0.37,11.84,-5.92,-0.73,-271.52,-23.07,-217.20,90
0.05,-0.34,0.74,1.22,1.16,-7.51,202.84,250.35,223.90,-0.15,0.97,0.31,5.68,-6.47,-2.81,-266.20,-31.94,-198.39,90
0.05,-0.35,0.74,5.86,-6.35,-4.46,204.67,259.49,218.61,-0.09,0.95,0.35,17.09,-4.52,9.95,-260.88,-37.27,-220.62,90
0.07,-0.34,0.74,2.75,-1.16,2.75,197.36,248.52,208.03,-0.10,0.95,0.34,10.56,-2.01,3.54,-255.55,-28.39,-201.81,90
0.09,-0.33,0.77,7.51,-6.90,5.86,202.84,235.73,209.79,-0.07,0.97,0.37,13.18,1.40,7.45,-255.55,-31.94,-212.07,90
0.07,-0.34,0.81,5.07,-7.39,7.81,217.46,235.73,199.21,-0.04,0.98,0.34,12.88,8.42,8.79,-262.65,-28.39,-201.81,90
0.09,-0.34,0.79,4.27,-15.32,7.26,197.36,252.18,208.03,-0.07,1.00,0.38,9.40,6.71,16.24,-237.81,-42.59,-205.23,90
0.07,-0.33,0.79,-2.93,-10.86,3.05,201.01,233.90,176.30,-0.05,0.99,0.34,8.12,2.56,14.34,-257.33,-33.72,-193.26,90
0.18,-0.28,0.76,6.77,-7.69,-15.44,202.84,246.70,181.58,-0.09,0.99,0.33,25.45,-18.68,2.08,-241.35,-42.59,-194.97,90
0.13,-0.27,0.72,11.96,-4.03,-9.83,188.22,246.70,167.48,0.03,0.94,0.24,22.16,-12.76,9.95,-230.71,-39.04,-201.81,90
0.12,-0.26,0.76,-2.75,13.55,-5.74,202.84,243.04,174.53,0.01,0.94,0.25,9.40,-8.42,-8.42,-232.48,-30.17,-213.78,90
0.09,-0.24,0.79,-11.47,29.42,-5.37,195.53,250.35,181.58,0.00,0.96,0.21,-7.32,-10.80,-27.28,-250.23,-44.37,-217.20,90
0.12,-0.29,0.70,1.04,2.44,-17.52,175.43,255.83,190.40,-0.17,0.99,0.39,-3.66,-23.01,-8.97,-252.00,-17.75,-222.33,90
0.09,-0.30,0.78,16.42,-6.90,-8.54,184.57,261.32,195.69,-0.09,0.97,0.28,19.71,-15.69,12.51,-248.45,-10.65,-225.75,90
0.04,-0.32,0.74,-8.30,-3.11,-0.55,164.46,244.87,176.30,-0.14,0.96,0.27,3.78,-3.85,4.82,-243.13,-23.07,-234.30,90
0.08,-0.30,0.69,-1.95,-8.85,1.28,169.95,239.39,174.53,-0.13,0.91,0.33,7.69,0.67,7.57,-264.43,-19.52,-230.88,90
0.12,-0.27,0.76,-1.04,-7.75,15.38,184.57,257.66,178.06,-0.05,0.96,0.23,10.01,9.40,7.51,-253.78,-30.17,-227.46,90
0.09,-0.28,0.74,1.83,-8.73,32.47,210.15,254.01,167.48,-0.03,0.95,0.30,6.71,27.77,8.18,-239.58,-26.62,-200.10,90
0.12,-0.30,0.74,9.52,-21.55,44.80,211.98,244.87,155.14,-0.02,0.95,0.35,15.81,44.92,26.37,-218.28,-40.82,-193.26,90
0.06,-0.37,0.70,11.29,12.33,42.60,257.66,243.04,160.43,0.19,0.95,0.45,15.38,47.30,5.98,-227.16,-42.59,-181.29,90
-0.04,-0.17,0.92,-11.60,41.44,17.82,257.66,254.01,181.58,-0.04,0.95,0.01,29.42,18.31,-34.48,-236.03,-44.37,-155.63,90
0.02,-0.23,0.70,-3.72,14.34,10.01,263.14,259.49,190.40,-0.09,0.93,0.29,-9.58,2.75,-11.96,-241.35,-39.04,-150.50,90
0.00,-0.24,0.85,6.90,-30.09,-24.48,261.32,254.01,195.69,-0.28,1.10,0.33,3.66,-19.78,15.81,-257.33,-44.37,-138.53,90
0.17,-0.25,0.80,1.95,-15.50,-18.62,252.18,248.52,162.19,-0.03,1.00,0.20,7.02,-28.56,17.52,-236.03,-37.27,-165.89,90
0.08,-0.25,0.74,4.39,7.14,1.40,244.87,244.87,169.24,-0.03,0.97,0.24,11.90,-3.54,2.93,-239.58,-44.37,-169.31,90
0.04,-0.30,0.74,-4.58,15.01,8.54,233.90,237.56,172.77,-0.10,0.94,0.27,4.58,6.47,-11.11,-237.81,-39.04,-167.60,90
-0.01,-0.29,0.83,4.15,7.26,7.69,243.04,254.01,181.58,-0.14,1.02,0.33,11.05,6.10,-7.20,-250.23,-37.27,-169.31,90
-0.03,-0.31,0.72,-8.85,3.42,-2.38,246.70,261.32,195.69,-0.14,0.97,0.29,-2.69,-1.10,-3.36,-250.23,-26.62,-148.79,90
0.04,-0.28,0.78,5.07,-10.19,-6.53,254.01,250.35,185.11,-0.16,0.97,0.33,10.44,-7.02,8.73,-260.88,-33.72,-169.31,90
0.04,-0.26,0.79,-4.82,-5.07,-9.70,248.52,252.18,172.77,-0.10,1.01,0.21,4.46,-11.29,6.16,-250.23,-44.37,-159.05,90
0.07,-0.28,0.78,3.91,-5.43,-7.87,235.73,246.70,174.53,-0.09,0.99,0.27,6.29,-11.23,5.00,-237.81,-42.59,-164.18,90
0.03,-0.32,0.71,-2.93,-1.83,-4.70,243.04,246.70,174.53,-0.04,0.94,0.29,5.68,-4.88,7.69,-241.35,-42.59,-181.29,90
0.09,-0.30,0.79,16.66,-8.73,1.16,239.39,228.42,188.64,-0.09,1.00,0.33,20.02,-4.39,5.37,-234.26,-49.69,-171.02,90
0.07,-0.24,0.86,-0.85,12.45,8.30,248.52,241.21,169.24,-0.04,1.04,0.16,15.38,6.65,-6.90,-236.03,-40.82,-179.58,90
0.06,-0.23,0.76,-5.74,19.84,10.99,239.39,243.04,192.16,-0.10,0.99,0.19,1.10,5.80,-20.02,-244.90,-46.14,-171.02,90
0.02,-0.23,0.70,0.73,18.01,6.96,255.83,248.52,197.45,-0.07,0.93,0.23,4.15,4.94,-14.16,-255.55,-60.34,-167.60,90
-0.04,-0.26,0.77,3.85,17.64,9.34,250.35,250.35,213.32,-0.16,0.96,0.25,11.54,8.42,-16.42,-271.52,-23.07,-159.05,90
-0.07,-0.24,0.79,5.31,23.01,14.83,261.32,261.32,223.90,-0.22,1.00,0.23,13.00,9.77,-20.75,-271.52,-23.07,-172.73,90
-0.24,-0.26,0.80,8.54,52.43,34.97,270.45,270.45,229.18,-0.31,0.99,0.25,13.61,30.82,-43.64,-292.82,-19.52,-148.79,90
-0.34,-0.24,0.79,2.08,67.26,27.04,275.93,294.21,269.73,-0.45,0.98,0.22,7.32,23.25,-67.44,-319.44,3.55,-133.40,90
-0.35,-0.21,0.66,-5.86,56.76,16.48,296.04,314.31,292.65,-0.41,0.87,0.17,9.40,14.53,-50.35,-337.19,28.39,-143.66,90
-0.41,-0.21,0.56,-0.12,42.24,19.90,277.76,339.89,317.33,-0.60,0.82,0.25,6.04,14.34,-46.63,-365.58,46.14,-136.82,90
-0.53,-0.20,0.55,1.59,37.72,20.57,292.38,358.17,334.96,-0.57,0.73,0.20,12.15,14.34,-29.48,-392.20,44.37,-121.43,90
-0.55,-0.12,0.53,3.48,36.19,23.19,299.69,361.82,331.44,-0.70,0.73,0.13,11.17,12.33,-35.03,-401.07,67.44,-102.61,90
-0.64,-0.13,0.50,3.48,39.86,25.33,312.48,374.61,347.30,-0.73,0.68,0.10,11.60,19.17,-41.69,-402.85,97.61,-114.59,90
-0.69,-0.09,0.43,3.23,31.98,15.87,307.00,402.02,359.64,-0.79,0.60,0.08,15.56,14.77,-35.71,-425.92,127.78,-116.30,90
-0.71,-0.06,0.42,6.84,28.02,12.21,319.79,425.78,371.98,-0.87,0.59,0.05,15.01,10.01,-32.10,-429.47,156.17,-116.30,90
-0.71,-0.03,0.33,0.43,28.63,15.20,286.90,455.02,371.98,-0.84,0.52,0.03,9.64,9.16,-28.63,-438.34,157.95,-107.75,90
-0.75,0.01,0.29,9.46,22.22,23.32,316.14,447.71,389.61,-0.88,0.47,0.01,17.27,16.60,-22.34,-443.67,166.82,-112.88,90
-0.81,0.06,0.28,7.75,17.15,24.29,294.21,476.95,386.09,-0.96,0.45,-0.06,16.05,20.08,-20.26,-434.79,204.09,-118.01,90
-0.84,0.07,0.25,6.29,14.04,21.00,308.83,495.22,382.56,-1.05,0.42,-0.06,13.73,17.52,-21.85,-459.64,211.19,-128.27,90
-0.85,0.09,0.26,1.71,9.16,8.06,316.14,498.87,389.61,-1.02,0.40,-0.12,13.18,6.47,-15.99,-466.74,225.38,-114.59,90
-0.79,0.13,0.24,3.11,-4.70,-1.53,297.86,502.53,396.66,-0.94,0.39,-0.17,12.39,-2.93,5.25,-452.54,211.19,-124.85,90
-0.81,0.12,0.23,1.83,-7.69,3.91,301.52,498.87,393.14,-0.94,0.38,-0.14,8.42,-0.12,9.58,-447.22,220.06,-116.30,90
-0.84,0.12,0.25,-1.40,-14.04,-4.15,319.79,498.87,386.09,-0.98,0.39,-0.12,7.08,-3.30,13.85,-434.79,225.38,-128.27,90
-0.80,0.14,0.27,-1.89,-16.24,-8.18,308.83,495.22,400.19,-0.97,0.41,-0.12,6.47,-7.63,15.08,-470.29,211.19,-121.43,90
-0.78,0.12,0.27,0.98,-12.94,-1.65,308.83,480.60,403.72,-0.90,0.41,-0.12,7.75,-3.36,16.85,-443.67,195.21,-109.46,90
-0.83,0.08,0.33,2.56,-12.33,-1.10,297.86,473.29,396.66,-0.95,0.47,-0.08,6.90,0.61,11.60,-456.09,189.89,-107.75,90
-0.78,0.06,0.39,-7.51,-17.15,-15.69,307.00,464.15,394.90,-0.92,0.50,-0.11,3.78,-11.96,16.91,-440.12,188.11,-126.56,90
-0.78,0.02,0.43,-22.22,-26.18,-26.49,314.31,438.57,391.38,-0.93,0.56,-0.09,-8.67,-21.91,24.23,-438.34,172.14,-114.59,90
-0.68,-0.04,0.40,-16.91,-40.41,-29.54,314.31,416.64,370.22,-0.84,0.56,0.05,-12.08,-29.91,44.19,-438.34,154.40,-100.90,90
-0.60,-0.08,0.41,-14.47,-41.93,-21.61,323.45,381.92,375.51,-0.75,0.60,0.08,-8.00,-24.78,50.17,-406.40,118.90,-114.59,90
-0.61,-0.12,0.50,-6.84,-28.99,-7.57,332.58,369.13,338.49,-0.70,0.66,0.05,3.30,-8.18,34.48,-415.27,113.58,-109.46,90
-0.60,-0.13,0.56,2.32,-27.89,-7.57,310.65,372.79,345.54,-0.76,0.73,0.12,5.74,-9.03,29.11,-393.98,85.18,-116.30,90
-0.56,-0.16,0.62,-0.73,-31.19,-17.40,327.10,363.65,329.67,-0.74,0.79,0.12,5.86,-15.38,31.19,-385.10,69.21,-94.06,90
-0.46,-0.14,0.64,3.05,-41.38,-19.78,325.27,336.24,324.38,-0.65,0.82,0.11,10.44,-20.81,42.05,-358.48,53.24,-112.88,90
-0.41,-0.19,0.67,3.97,-41.63,-21.97,308.83,327.10,287.36,-0.61,0.86,0.14,13.85,-18.25,43.64,-354.93,35.49,-116.30,90
-0.30,-0.18,0.70,-1.40,-29.05,-28.08,308.83,297.86,297.94,-0.50,0.88,0.14,10.50,-26.86,34.06,-353.16,23.07,-131.69,90
-0.26,-0.21,0.71,2.20,-30.33,-23.19,290.55,286.90,259.15,-0.40,0.90,0.15,10.99,-21.12,31.74,-326.54,14.20,-129.98,90
-0.16,-0.21,0.69,1.28,-25.21,-26.12,285.07,274.11,246.81,-0.32,0.89,0.20,9.16,-22.16,28.69,-314.12,5.32,-152.21,90
-0.18,-0.26,0.79,9.89,-19.23,-8.97,257.66,279.59,245.05,-0.30,0.96,0.20,19.04,-11.90,26.92,-298.14,3.55,-157.34,90
-0.22,-0.29,0.86,1.04,-31.68,-19.17,261.32,275.93,209.79,-0.29,1.02,0.18,14.83,-13.67,30.70,-301.69,-14.20,-157.34,90
-0.07,-0.26,0.75,-11.23,-46.26,-41.02,243.04,261.32,202.74,-0.20,0.98,0.21,-2.14,-33.94,49.74,-266.20,-28.39,-164.18,90
0.03,-0.25,0.76,-8.24,-34.00,-21.79,233.90,252.18,186.87,-0.05,0.97,0.25,-2.75,-17.88,40.16,-244.90,-53.24,-171.02,90
0.03,-0.29,0.78,0.49,-7.69,2.62,228.42,254.01,163.95,0.05,0.97,0.27,7.08,2.20,22.77,-236.03,-44.37,-189.84,90
0.08,-0.29,0.72,-5.25,-3.97,2.38,228.42,250.35,146.33,-0.02,0.98,0.25,2.26,-1.59,11.23,-218.28,-47.92,-183.00,90
0.10,-0.28,0.75,-2.81,-2.20,0.18,243.04,243.04,149.85,-0.06,0.98,0.26,3.85,-3.05,3.11,-212.96,-35.49,-188.13,90
0.13,-0.29,0.72,-0.31,-4.03,-3.54,221.11,246.70,156.90,-0.03,0.96,0.27,4.52,-5.62,6.71,-218.28,-55.01,-193.26,90
0.14,-0.31,0.79,-0.55,8.85,1.04,224.77,261.32,153.38,0.04,0.98,0.25,9.28,-3.17,-2.93,-212.96,-35.49,-191.55,90
0.10,-0.32,0.80,-7.45,14.89,0.73,222.94,248.52,151.61,0.01,0.99,0.25,2.50,-3.85,-9.89,-227.16,-35.49,-171.02,90
0.07,-0.33,0.77,-11.66,9.95,2.32,230.25,255.83,165.72,-0.07,1.00,0.28,-0.85,0.12,-2.99,-221.83,-44.37,-183.00,90
0.08,-0.34,0.76,-13.49,11.17,4.39,239.39,254.01,181.58,-0.08,0.98,0.33,-8.73,-1.53,-9.16,-237.81,-39.04,-188.13,90
0.06,-0.35,0.76,-19.23,10.80,2.87,232.08,243.04,192.16,-0.08,0.98,0.30,-9.34,0.18,-8.97,-244.90,-31.94,-188.13,90
0.05,-0.37,0.76,-17.46,11.90,7.02,233.90,259.49,183.35,-0.09,0.97,0.34,-9.22,2.01,-9.22,-248.45,-35.49,-177.87,90
-0.01,-0.43,0.69,-21.97,17.33,8.36,244.87,252.18,176.30,-0.12,0.93,0.39,-19.71,2.44,-18.25,-248.45,-28.39,-181.29,90
-0.05,-0.46,0.71,-16.54,7.02,2.44,255.83,263.14,190.40,-0.17,0.91,0.43,-4.64,2.44,-1.59,-260.88,-33.72,-169.31,90
-0.05,-0.51,0.67,-28.56,1.34,-8.12,259.49,266.80,186.87,-0.16,0.90,0.45,-16.48,-7.39,1.34,-276.85,-31.94,-174.44,90
-0.02,-0.56,0.58,-35.71,1.53,-12.45,254.01,250.35,181.58,-0.09,0.84,0.58,-24.48,-10.31,8.97,-260.88,-30.17,-169.31,90
-0.01,-0.58,0.56,-23.68,1.40,-0.55,257.66,257.66,178.06,-0.18,0.84,0.53,-17.70,-8.85,-1.89,-266.20,-39.04,-174.44,90
0.02,-0.58,0.56,-16.97,-1.34,2.38,246.70,264.97,171.01,-0.15,0.81,0.58,-11.11,-4.03,0.61,-275.07,-40.82,-138.53,90
-0.01,-0.64,0.53,-22.64,1.40,3.30,252.18,263.14,183.35,-0.15,0.80,0.60,-13.92,0.55,-0.12,-246.68,-33.72,-141.95,90
0.00,-0.65,0.55,-21.06,3.48,6.04,272.28,272.28,181.58,-0.15,0.78,0.63,-19.04,-1.28,-5.49,-266.20,-21.30,-160.76,90
-0.03,-0.68,0.49,-21.12,-1.89,5.98,274.11,277.76,179.82,-0.17,0.75,0.63,-14.53,2.14,0.67,-262.65,-28.39,-143.66,90
-0.08,-0.72,0.42,-16.30,-1.59,-0.49,288.73,277.76,179.82,-0.17,0.71,0.67,-9.52,-0.49,2.87,-255.55,-42.59,-147.08,90
-0.06,-0.72,0.34,-9.77,-6.59,-3.97,275.93,254.01,167.48,-0.17,0.64,0.71,-1.53,-5.68,7.51,-264.43,-37.27,-148.79,90
-0.01,-0.70,0.39,5.43,-5.31,-1.34,259.49,270.45,176.30,-0.19,0.66,0.73,8.42,-5.98,2.14,-253.78,-19.52,-141.95,90
-0.04,-0.71,0.43,8.36,5.37,1.04,266.80,277.76,176.30,-0.14,0.68,0.70,14.28,-2.62,-2.44,-257.33,-40.82,-141.95,90
0.02,-0.70,0.53,7.87,-3.05,3.60,277.76,263.14,158.67,-0.14,0.72,0.69,17.82,-0.43,2.50,-259.10,-39.04,-143.66,90
-0.04,-0.71,0.57,-14.16,-9.89,1.59,281.42,274.11,176.30,-0.16,0.81,0.63,-3.11,1.71,4.46,-259.10,-21.30,-153.92,90
-0.06,-0.77,0.33,-13.18,-2.32,-7.51,283.24,286.90,160.43,-0.09,0.70,0.77,-6.41,-4.64,18.98,-248.45,-35.49,-140.24,90
0.02,-0.74,0.32,1.71,-4.15,-6.96,268.62,264.97,171.01,-0.16,0.63,0.78,4.82,-10.07,0.85,-252.00,-28.39,-150.50,90
0.07,-0.70,0.37,17.40,1.10,-1.89,268.62,254.01,167.48,-0.04,0.65,0.75,18.43,-8.67,3.54,-243.13,-26.62,-148.79,90
0.05,-0.66,0.41,27.22,-5.00,-4.09,268.62,254.01,174.53,-0.11,0.66,0.71,33.57,-5.43,-2.44,-264.43,-33.72,-152.21,90
0.03,-0.62,0.35,54.02,-4.39,-13.31,252.18,255.83,162.19,0.07,0.62,0.70,56.82,-6.04,22.09,-259.10,-28.39,-157.34,90
-0.01,-0.57,0.70,46.81,-3.66,-9.83,248.52,266.80,172.77,-0.23,0.83,0.55,58.47,-4.76,-15.50,-244.90,-28.39,-157.34,90
0.06,-0.54,0.66,29.91,-7.63,-12.08,230.25,248.52,183.35,-0.10,0.89,0.55,41.63,-7.75,9.52,-250.23,-37.27,-172.73,90
0.10,-0.47,0.64,28.32,-1.22,-5.31,228.42,254.01,174.53,-0.01,0.86,0.48,37.90,-11.05,6.65,-246.68,-23.07,-179.58,90
0.08,-0.41,0.70,34.97,-2.81,-11.35,226.60,263.14,172.77,-0.04,0.93,0.40,44.86,-11.78,5.43,-246.68,-30.17,-186.42,90
0.13,-0.37,0.73,41.63,-14.10,-7.14,215.63,252.18,176.30,-0.09,0.97,0.34,43.58,-9.58,11.41,-236.03,-23.07,-203.52,90
0.10,-0.32,0.88,29.97,14.28,-8.67,206.49,250.35,181.58,0.07,1.00,0.28,41.08,-4.33,-10.13,-237.81,-42.59,-208.65,90
0.15,-0.29,0.89,1.71,-6.10,-7.51,195.53,261.32,188.64,-0.05,1.09,0.20,22.83,-8.18,2.93,-241.35,-31.94,-215.49,90
0.12,-0.31,0.77,-8.54,-3.60,1.40,201.01,255.83,172.77,-0.04,1.02,0.23,5.49,-0.67,1.89,-246.68,-33.72,-227.46,90
0.15,-0.32,0.74,-5.25,0.12,9.46,206.49,246.70,188.64,-0.03,0.98,0.28,0.67,4.39,-0.61,-236.03,-44.37,-213.78,90
0.18,-0.31,0.76,-4.82,1.65,17.15,193.70,241.21,200.98,0.01,0.98,0.28,1.53,10.62,-1.10,-237.81,-28.39,-215.49,90
0.15,-0.31,0.79,-5.49,2.26,45.04,235.73,257.66,192.16,0.03,0.99,0.27,-1.16,35.28,-6.77,-237.81,-28.39,-201.81,90
0.02,-0.33,0.80,-8.67,-0.85,56.95,252.18,248.52,165.72,-0.05,1.01,0.26,-0.49,58.23,-6.41,-237.81,-46.14,-181.29,90
0.04,-0.30,0.73,-4.03,-25.33,62.32,277.76,244.87,176.30,-0.21,1.00,0.35,-2.44,59.45,19.47,-239.58,-58.56,-145.37,90
-0.02,-0.28,0.73,8.30,-26.55,81.54,319.79,268.62,149.85,-0.14,0.96,0.34,3.91,78.74,25.15,-221.83,-44.37,-107.75,90
-0.10,-0.28,0.80,5.62,-24.84,78.67,347.20,288.73,126.93,-0.23,1.00,0.28,9.22,84.53,12.70,-221.83,-58.56,-80.38,90
-0.08,-0.26,0.77,3.97,-24.35,59.02,380.10,310.65,123.41,-0.19,0.96,0.22,10.07,62.50,25.63,-212.96,-42.59,-44.47,90
-0.02,-0.25,0.71,5.25,-26.73,48.77,409.33,321.62,112.83,-0.19,0.94,0.25,7.87,45.90,23.07,-205.86,-17.75,-17.10,90
-0.07,-0.27,0.73,14.77,-10.86,41.14,418.47,341.72,100.49,-0.11,0.95,0.22,15.20,46.69,14.28,-195.21,-10.65,-3.42,90
0.01,-0.23,0.74,15.50,0.92,26.12,431.26,350.86,102.25,-0.08,0.95,0.20,18.98,25.09,1.89,-189.89,5.32,15.39,90
-0.06,-0.19,0.81,12.21,4.88,20.20,429.43,359.99,111.07,-0.21,1.01,0.15,18.07,19.23,-8.61,-207.64,8.87,29.07,90
-0.13,-0.20,0.83,6.29,7.20,6.16,431.26,369.13,126.93,-0.19,1.01,0.14,17.52,7.93,-3.17,-218.28,15.97,25.65,90
-0.12,-0.18,0.84,-6.59,-3.60,-20.69,431.26,358.17,119.88,-0.34,1.06,0.12,5.31,-18.92,-5.07,-205.86,21.30,41.05,90
-0.07,-0.18,0.76,-5.00,0.31,-30.70,429.43,349.03,135.75,-0.22,1.00,0.16,0.31,-33.02,3.42,-207.64,8.87,11.97,90
-0.06,-0.20,0.80,-2.38,5.13,-36.80,409.33,332.58,116.35,-0.19,1.00,0.17,6.47,-35.64,0.12,-218.28,5.32,11.97,90
-0.05,-0.21,0.77,-1.71,8.85,-38.51,400.20,330.76,118.12,-0.18,1.00,0.15,7.51,-40.10,-3.72,-207.64,-26.62,-11.97,90
-0.02,-0.22,0.80,-0.12,8.61,-39.37,391.06,325.27,133.98,-0.18,1.01,0.20,7.87,-41.26,-5.86,-211.19,-8.87,-29.07,90
-0.04,-0.22,0.81,-2.01,5.86,-37.41,370.96,316.14,128.70,-0.22,1.01,0.20,5.92,-40.53,-3.11,-204.09,-33.72,-46.18,90
0.11,-0.23,0.78,-9.16,-3.30,-41.08,349.03,301.52,135.75,-0.18,1.01,0.20,0.98,-46.51,-0.43,-209.41,-46.14,-64.99,90
0.22,-0.27,0.70,-1.65,0.12,-19.65,336.24,274.11,130.46,0.06,0.95,0.25,4.21,-31.62,9.64,-214.73,-44.37,-73.54,90
0.09,-0.28,0.77,4.09,10.19,4.52,349.03,290.55,149.85,-0.05,0.98,0.26,8.91,-2.62,-9.28,-212.96,-46.14,-78.67,90
-0.04,-0.26,0.82,6.53,18.74,13.61,354.51,292.38,137.51,-0.09,1.02,0.25,11.23,11.72,-16.11,-212.96,-42.59,-68.41,90
-0.08,-0.24,0.76,2.56,26.25,18.01,361.82,296.04,169.24,-0.23,1.00,0.19,11.60,11.35,-21.67,-232.48,-44.37,-73.54,90
-0.15,-0.25,0.76,8.67,42.36,18.01,381.92,308.83,181.58,-0.21,0.95,0.24,14.59,12.88,-34.67,-250.23,-23.07,-76.96,90
-0.22,-0.23,0.78,9.28,43.03,13.98,378.27,308.83,192.16,-0.30,0.96,0.19,18.43,8.97,-40.47,-267.97,-19.52,-53.02,90
-0.31,-0.23,0.76,5.25,49.93,14.53,365.48,325.27,218.61,-0.42,0.96,0.20,12.08,8.73,-46.81,-305.24,-7.10,-54.73,90
-0.37,-0.21,0.78,-2.14,42.85,10.01,385.58,330.76,245.05,-0.53,0.96,0.26,5.49,5.25,-45.90,-310.57,15.97,-56.44,90
-0.39,-0.18,0.62,-4.15,45.47,6.47,391.06,339.89,253.87,-0.51,0.87,0.22,-3.85,5.55,-49.50,-333.64,10.65,-41.05,90
-0.42,-0.14,0.50,0.49,62.07,27.95,387.40,369.13,260.92,-0.45,0.74,0.11,6.65,14.28,-49.19,-337.19,53.24,-47.89,90
-0.61,-0.11,0.50,14.65,66.10,36.25,392.89,396.54,301.47,-0.71,0.65,0.13,20.32,28.99,-69.40,-383.33,74.54,-34.20,90
-0.71,-0.09,0.44,9.03,34.30,23.56,396.54,436.74,304.99,-0.89,0.63,0.11,15.63,24.72,-46.20,-385.10,126.00,-46.18,90
-0.73,-0.02,0.39,4.15,27.77,21.97,396.54,451.36,308.52,-0.88,0.58,0.02,10.50,13.67,-36.62,-390.43,163.27,-44.47,90
-0.85,-0.01,0.38,4.58,41.44,21.36,396.54,484.26,326.15,-0.85,0.51,-0.06,13.67,16.48,-36.87,-420.60,165.04,-39.34,90
-0.80,-0.01,0.31,-4.33,7.63,1.77,392.89,469.64,326.15,-0.95,0.47,-0.03,7.39,5.19,-14.71,-418.82,188.11,-27.36,90
-0.73,0.02,0.27,-13.98,-17.21,-8.30,381.92,476.95,319.09,-0.97,0.45,-0.02,-6.10,-7.39,6.35,-415.27,205.86,-41.05,90
-0.71,-0.02,0.32,-8.54,-17.40,-5.68,380.10,475.12,317.33,-0.80,0.46,0.04,-5.43,-6.04,22.40,-409.95,179.24,-32.49,90
-0.75,-0.07,0.42,-12.02,-33.51,-13.31,394.71,445.88,306.75,-0.93,0.53,0.05,-2.99,-4.64,27.04,-399.30,161.49,-29.07,90
-0.71,-0.10,0.45,-20.69,-52.49,-24.48,422.12,425.78,297.94,-0.82,0.57,0.11,-11.47,-17.76,57.86,-381.55,136.65,-15.39,90
-0.61,-0.15,0.46,-24.17,-48.71,-18.62,411.16,407.51,262.68,-0.60,0.64,0.03,-11.35,-23.01,56.15,-372.68,110.03,-17.10,90
-0.56,-0.16,0.59,-9.95,-44.62,-11.29,398.37,394.71,243.29,-0.78,0.72,0.11,-4.09,-11.41,45.10,-353.16,83.41,-15.39,90
-0.52,-0.21,0.63,-13.98,-39.55,-23.25,423.95,376.44,232.71,-0.64,0.79,0.28,-6.90,-19.90,54.57,-333.64,53.24,-6.84,90
-0.40,-0.29,0.70,-32.71,-52.55,-37.96,411.16,352.68,216.84,-0.58,0.85,0.30,-14.28,-32.59,49.93,-315.89,42.59,-10.26,90
-0.27,-0.39,0.56,-22.83,-58.04,-26.31,400.20,349.03,171.01,-0.46,0.81,0.36,-22.34,-26.86,54.26,-271.52,-1.77,-15.39,90
-0.27,-0.36,0.71,-10.86,-30.58,-9.70,400.20,323.45,153.38,-0.40,0.89,0.33,-2.99,-9.89,39.43,-253.78,-1.77,-25.65,90
-0.21,-0.39,0.64,-9.70,-18.92,-7.63,398.37,328.93,137.51,-0.39,0.91,0.41,-2.81,-11.90,26.43,-234.26,-21.30,-20.52,90
-0.17,-0.41,0.67,0.98,-12.45,-10.13,405.68,332.58,130.46,-0.33,0.89,0.42,7.69,-10.62,12.94,-228.93,-23.07,-8.55,90
-0.12,-0.41,0.68,2.01,-2.32,-9.46,392.89,327.10,121.64,-0.25,0.90,0.35,8.00,-11.60,3.91,-220.06,-17.75,-27.36,90
-0.12,-0.40,0.69,3.17,-2.93,-1.71,392.89,316.14,132.22,-0.28,0.92,0.36,10.25,-4.88,3.36,-221.83,-23.07,-32.49,90
-0.15,-0.42,0.66,2.26,-1.53,-0.24,381.92,323.45,128.70,-0.31,0.90,0.43,7.08,-0.31,1.83,-221.83,-5.32,-29.07,90
-0.14,-0.43,0.65,0.61,1.04,2.01,396.54,319.79,132.22,-0.22,0.88,0.39,8.67,-0.85,3.17,-212.96,-35.49,-47.89,90
-0.13,-0.42,0.68,3.11,1.89,7.32,378.27,345.37,121.64,-0.25,0.90,0.37,11.41,3.17,0.73,-221.83,-12.42,-22.23,90
-0.19,-0.41,0.70,2.99,6.41,11.35,389.23,316.14,139.27,-0.26,0.91,0.39,12.70,10.50,-5.68,-221.83,-15.97,-22.23,90
-0.21,-0.39,0.61,4.94,14.53,21.36,402.02,310.65,126.93,-0.33,0.89,0.33,9.77,18.13,-10.38,-237.81,-14.20,-13.68,90
-0.24,-0.38,0.67,16.24,16.85,18.68,407.51,345.37,163.95,-0.38,0.89,0.41,19.10,23.19,-23.50,-232.48,-1.77,-22.23,90
-0.31,-0.33,0.71,17.03,29.11,28.50,414.82,341.72,163.95,-0.31,0.90,0.24,21.97,21.97,-28.81,-259.10,-7.10,-3.42,90
-0.37,-0.29,0.76,7.51,18.07,11.17,414.82,349.03,185.11,-0.48,0.92,0.22,17.09,11.05,-21.79,-267.97,19.52,-11.97,90
-0.32,-0.29,0.67,-0.43,12.82,4.09,418.47,349.03,181.58,-0.43,0.89,0.27,7.93,-1.04,-7.75,-278.62,5.32,-25.65,90
-0.36,-0.27,0.56,-2.01,14.77,18.68,422.12,370.96,181.58,-0.50,0.82,0.22,5.62,8.24,-12.33,-269.75,17.75,-6.84,90
-0.51,-0.23,0.63,17.82,40.04,31.19,427.61,376.44,204.50,-0.49,0.77,0.23,22.46,21.24,-27.95,-291.05,49.69,10.26,90
-0.60,-0.19,0.61,10.80,41.81,7.75,431.26,383.75,218.61,-0.58,0.78,0.14,28.02,11.11,-30.40,-319.44,67.44,10.26,90
-0.59,-0.17,0.53,29.91,34.61,4.94,438.57,398.37,236.24,-0.75,0.72,0.25,25.15,0.61,-43.03,-326.54,74.54,3.42,90
-0.64,-0.14,0.56,27.59,55.48,10.50,422.12,418.47,266.21,-0.69,0.75,0.06,38.57,4.27,-46.33,-358.48,88.73,-3.42,90
-0.62,-0.14,0.63,23.50,26.92,4.46,403.85,436.74,283.84,-0.90,0.78,0.07,40.47,2.20,-44.68,-385.10,118.90,-15.39,90
-0.64,-0.07,0.34,13.24,63.11,15.14,394.71,460.50,306.75,-0.65,0.59,0.05,18.49,-1.34,-45.96,-392.20,129.55,-25.65,90
-0.79,0.06,0.31,27.40,54.69,24.17,400.20,469.64,333.20,-0.91,0.48,0.02,35.95,16.54,-54.38,-404.62,152.62,-23.94,90
-0.77,0.10,0.23,29.66,36.25,18.80,396.54,509.84,333.20,-1.02,0.41,-0.03,37.23,15.87,-56.21,-425.92,205.86,-41.05,90
-0.81,0.17,0.19,30.46,33.87,23.62,369.13,540.90,356.12,-0.94,0.35,-0.23,43.09,18.55,-45.84,-441.89,243.13,-53.02,90
-0.79,0.17,0.09,40.34,33.57,46.81,359.99,553.70,368.46,-0.81,0.25,-0.16,43.88,33.94,-30.03,-445.44,246.68,-76.96,90
-0.83,0.22,0.14,27.65,10.31,53.22,343.55,595.73,380.80,-1.02,0.23,-0.32,45.53,47.73,-28.50,-447.22,273.30,-88.93,90
-0.62,0.50,-0.00,33.57,-4.46,62.50,328.93,603.04,373.75,-0.90,0.17,-0.19,38.21,48.71,8.00,-450.77,287.50,-109.46,90
-0.89,0.52,0.12,23.56,13.00,56.21,296.04,610.35,394.90,-1.03,0.15,-0.50,29.11,58.53,-36.74,-454.32,326.54,-136.82,90
-0.76,0.60,0.05,12.08,-15.08,8.54,281.42,606.69,391.38,-0.96,0.13,-0.51,22.09,16.48,7.81,-472.06,333.64,-153.92,90
-0.76,0.58,-0.09,13.85,-0.85,23.19,266.80,606.69,401.95,-0.79,0.05,-0.55,18.68,20.39,6.53,-454.32,315.89,-164.18,90
-0.63,0.71,0.01,23.93,6.59,39.55,243.04,619.48,400.19,-0.86,0.07,-0.68,32.90,31.98,-19.35,-464.96,326.54,-174.44,90
-0.66,0.79,-0.12,24.78,9.28,54.02,226.60,624.96,409.01,-0.75,-0.03,-0.70,30.70,52.73,-13.37,-459.64,335.41,-193.26,90
-0.50,0.79,-0.15,26.25,1.34,54.02,184.57,626.79,400.19,-0.67,-0.07,-0.69,33.02,57.62,-10.80,-463.19,370.91,-200.10,90
-0.56,0.91,-0.06,32.59,19.23,60.79,148.02,615.83,393.14,-0.67,-0.05,-0.87,38.45,67.14,-27.10,-466.74,367.36,-244.56,90
-0.44,1.01,-0.15,13.31,-9.89,54.02,133.40,626.79,396.66,-0.77,-0.09,-0.93,21.85,57.07,-14.28,-445.44,360.26,-275.35,90
-0.33,0.90,-0.16,14.22,-30.33,31.98,105.99,614.00,398.43,-0.63,-0.14,-0.92,10.93,28.02,14.77,-459.64,356.71,-275.35,90
-0.45,1.13,-0.30,5.98,9.70,0.61,89.54,582.93,414.29,-0.14,-0.30,-1.04,15.32,-8.30,17.21,-466.74,324.76,-282.19,90
-0.21,1.01,-0.40,2.01,18.31,58.90,95.02,588.42,387.85,-0.08,-0.43,-1.09,29.66,15.99,22.34,-450.77,330.09,-280.48,90
-0.24,1.05,-0.10,31.80,-23.68,34.36,78.58,571.97,396.66,-0.73,-0.15,-0.92,50.35,38.82,-27.22,-447.22,337.19,-307.84,90
-0.20,0.89,-0.28,11.84,-48.65,38.09,71.27,557.35,389.61,-0.43,-0.23,-0.91,2.99,42.36,23.25,-418.82,308.79,-324.95,90
-0.23,0.84,-0.11,25.27,-3.05,23.62,71.27,539.08,396.66,-0.48,-0.11,-0.89,10.38,23.93,-24.90,-436.57,291.05,-335.21,90
-0.18,1.11,-0.04,-21.36,-16.36,-35.34,54.82,548.21,384.32,-0.64,-0.05,-0.97,-7.51,-21.12,-14.83,-422.37,301.69,-338.63,90
-0.17,1.25,-0.56,-39.49,-15.63,-14.77,80.40,518.98,409.01,-0.26,-0.42,-1.12,-35.52,-19.90,51.39,-427.70,289.27,-309.55,90
0.04,1.01,-0.20,27.10,-8.91,25.21,73.10,537.25,409.01,-0.26,-0.28,-0.87,32.84,16.17,-9.03,-440.12,298.14,-311.26,90
-0.32,0.84,-0.15,13.06,1.71,10.13,76.75,540.90,394.90,-0.44,-0.15,-0.85,10.56,7.87,-18.92,-452.54,299.92,-316.39,90
-0.41,1.08,-0.19,-35.77,-17.33,-55.66,69.44,551.87,405.48,-0.56,-0.20,-1.16,-18.92,-41.99,18.92,-447.22,298.14,-321.53,90
-0.34,1.04,-0.24,-22.95,27.53,-56.21,96.85,568.32,417.82,-0.12,-0.31,-1.12,-18.55,-66.65,6.53,-448.99,317.67,-292.45,90
-0.76,0.90,-0.05,-20.81,6.96,-103.09,126.09,590.24,400.19,-0.84,-0.08,-0.93,-2.38,-89.11,7.20,-454.32,333.64,-290.74,90
-0.48,0.78,-0.23,-66.53,-1.28,-93.32,158.98,608.52,403.72,-0.37,-0.20,-0.90,-35.71,-115.84,65.80,-448.99,331.86,-254.83,90
-0.70,0.73,0.02,-51.03,-15.38,-101.14,230.25,624.96,401.95,-1.11,0.04,-0.54,-24.54,-108.76,9.09,-470.29,360.26,-220.62,90
-0.70,0.62,0.00,-47.30,-9.34,-69.76,268.62,634.10,414.29,-0.92,0.02,-0.50,-48.16,-85.33,23.99,-475.61,340.74,-188.13,90
-0.86,0.33,-0.00,-40.83,4.15,-51.09,314.31,606.69,380.80,-0.83,0.07,-0.39,-36.13,-56.34,27.77,-477.39,335.41,-141.95,90
-0.93,0.31,0.10,-19.35,-4.46,-40.28,327.10,597.55,386.09,-0.91,0.17,-0.39,-6.59,-43.82,21.79,-472.06,312.34,-123.14,90
-0.94,0.22,0.09,-12.88,-11.84,-46.81,347.20,573.80,387.85,-1.06,0.24,-0.24,-8.18,-49.32,16.72,-472.06,280.40,-116.30,90
-0.97,0.05,0.10,-15.75,-6.59,-50.96,363.65,557.35,364.93,-1.00,0.24,-0.16,-5.55,-50.23,18.19,-459.64,260.88,-118.01,90
-0.82,0.00,0.18,-13.43,-29.30,-76.66,383.75,529.94,359.64,-1.12,0.32,-0.00,-4.15,-75.50,30.40,-463.19,250.23,-83.80,90
-0.84,-0.17,0.19,-15.93,-13.43,-74.52,380.10,497.05,359.64,-0.96,0.38,0.15,-10.44,-72.63,29.85,-456.09,221.83,-104.32,90
-0.86,-0.27,0.21,-22.77,-17.09,-77.09,380.10,471.46,334.96,-0.95,0.41,0.16,-5.07,-82.09,39.43,-443.67,163.27,-88.93,90
-0.75,-0.41,0.19,-19.59,-5.00,-85.27,354.51,427.61,327.91,-0.84,0.41,0.39,-9.95,-88.32,28.93,-427.70,168.59,-100.90,90
-0.65,-0.51,0.17,-27.16,-1.71,-79.22,349.03,396.54,322.62,-0.73,0.42,0.47,-6.96,-77.45,19.41,-418.82,134.87,-95.77,90
-0.55,-0.64,0.15,-17.09,-3.30,-67.99,347.20,387.40,303.23,-0.74,0.48,0.62,-4.76,-72.57,15.44,-406.40,111.80,-107.75,90
-0.44,-0.71,0.12,-22.03,0.98,-70.98,327.10,359.99,326.15,-0.57,0.46,0.66,-7.87,-71.90,14.22,-402.85,97.61,-121.43,90
-0.33,-0.76,0.08,-17.09,4.94,-54.99,316.14,345.37,308.52,-0.39,0.43,0.77,-7.57,-58.78,10.68,-392.20,83.41,-135.11,90
-0.25,-0.84,0.03,-16.42,7.14,-51.45,307.00,336.24,310.28,-0.32,0.39,0.85,-9.64,-51.82,8.73,-408.17,70.99,-140.24,90
-0.17,-0.86,-0.00,-11.90,-0.73,-43.70,285.07,339.89,310.28,-0.30,0.40,0.89,-8.36,-46.63,8.36,-406.40,72.76,-155.63,90
0.06,-0.82,-0.02,-6.35,-13.37,-22.46,270.45,325.27,296.18,-0.13,0.35,0.76,4.82,-33.39,22.40,-401.07,53.24,-150.50,90
-0.06,-0.90,-0.04,4.64,0.49,-12.51,270.45,321.62,317.33,-0.06,0.35,0.95,2.08,-9.95,4.88,-385.10,55.01,-155.63,90
-0.13,-0.82,0.14,15.63,9.95,-18.37,254.01,316.14,308.52,0.00,0.40,0.93,29.11,-8.61,14.59,-378.00,47.92,-169.31,90
-0.15,-0.90,0.00,3.91,-17.58,0.61,252.18,328.93,306.75,-0.15,0.48,1.00,8.97,7.87,15.38,-376.23,60.34,-167.60,90
-0.04,-0.90,0.02,3.72,-27.28,2.99,257.66,305.17,294.41,-0.16,0.37,0.94,16.24,7.14,22.89,-388.65,55.01,-186.42,90
0.02,-0.90,0.06,4.82,-36.25,-1.53,230.25,314.31,289.12,-0.40,0.48,0.87,4.58,-10.31,17.46,-365.58,53.24,-184.71,90
0.01,-0.89,0.04,-9.95,-21.67,4.52,264.97,316.14,273.26,-0.26,0.43,0.88,-5.55,-0.43,9.83,-356.71,44.37,-165.89,90
0.02,-0.97,0.03,11.11,-27.53,-3.05,244.87,296.04,260.92,-0.18,0.40,0.94,8.85,3.11,20.51,-363.81,33.72,-169.31,90
0.02,-0.95,0.14,1.16,-7.20,2.99,268.62,301.52,259.15,-0.02,0.46,0.82,8.30,-0.61,8.48,-358.48,17.75,-181.29,90
0.07,-0.89,-0.03,4.94,-7.57,-19.90,254.01,286.90,262.68,0.01,0.41,0.84,1.04,-14.71,10.13,-335.41,30.17,-169.31,90
0.15,-0.91,0.07,-0.06,3.11,-6.04,250.35,268.62,255.63,0.13,0.34,0.84,21.42,-3.66,7.57,-351.38,14.20,-167.60,90
0.13,-0.92,0.11,2.99,1.53,5.43,259.49,292.38,253.87,0.08,0.47,0.93,10.99,-0.18,-3.91,-331.86,8.87,-186.42,90
0.05,-0.94,0.13,-11.96,-4.09,-3.23,259.49,285.07,236.24,-0.01,0.45,0.87,2.20,-1.16,-7.57,-338.96,5.32,-162.47,90
0.05,-0.95,0.04,1.77,-8.42,-21.48,274.11,281.42,225.66,-0.02,0.42,0.88,4.88,-15.38,9.16,-322.99,0.00,-143.66,90
-0.05,-0.92,-0.01,-7.63,9.09,-5.00,281.42,285.07,215.08,-0.05,0.40,0.76,3.60,-7.93,-6.47,-314.12,5.32,-155.63,90
0.04,-0.84,0.01,1.04,5.80,-2.99,266.80,285.07,232.71,-0.04,0.37,0.80,12.88,-2.75,-3.54,-307.02,-12.42,-148.79,90
-0.05,-0.90,-0.01,-14.04,21.36,26.18,275.93,294.21,230.95,-0.08,0.34,0.80,1.65,22.28,-25.88,-317.67,1.77,-159.05,90
0.01,-1.02,0.09,-10.80,3.36,14.53,286.90,290.55,223.90,-0.17,0.41,0.92,1.77,12.70,-10.93,-342.51,5.32,-138.53,90
0.01,-1.04,-0.15,-23.80,4.27,5.74,305.17,283.24,220.37,-0.08,0.37,1.00,-13.67,-0.31,-5.31,-338.96,5.32,-128.27,90
0.10,-0.95,-0.10,28.56,4.15,-5.07,297.86,290.55,216.84,0.42,0.22,0.86,36.74,-5.74,19.78,-317.67,-8.87,-121.43,90
-0.08,-1.02,-0.03,-11.41,-7.26,-8.54,303.35,288.73,215.08,-0.18,0.39,0.92,16.24,-13.67,12.76,-314.12,8.87,-138.53,90
-0.18,-0.95,-0.01,20.20,0.73,3.48,303.35,277.76,211.55,-0.21,0.37,0.94,25.15,-0.12,7.81,-298.14,-10.65,-126.56,90
-0.10,-1.07,0.16,18.74,19.59,28.50,285.07,288.73,204.50,-0.25,0.47,1.09,24.60,16.42,-22.34,-308.79,3.55,-143.66,90
-0.21,-1.04,0.11,-24.54,20.20,-10.86,301.52,297.86,234.47,-0.31,0.48,1.12,-15.08,-13.55,-14.47,-319.44,10.65,-133.40,90
0.03,-0.89,0.11,-12.88,39.31,-6.23,285.07,285.07,246.81,-0.01,0.41,1.03,-3.17,-16.05,-30.21,-326.54,31.94,-133.40,90
0.14,-0.74,-0.09,-6.41,40.89,21.97,292.38,314.31,271.49,-0.30,0.33,0.83,3.30,5.62,-57.19,-351.38,39.04,-126.56,90
-0.14,-0.87,-0.23,1.34,18.98,50.60,323.45,345.37,273.26,-0.14,0.11,0.97,11.90,49.44,-21.24,-370.91,65.66,-121.43,90
-0.30,-0.97,-0.13,-12.70,23.38,28.56,325.27,354.51,296.18,-0.32,0.21,1.12,8.00,34.00,-34.67,-392.20,83.41,-97.48,90
-0.40,-0.86,-0.09,-1.04,-36.50,9.95,343.55,372.79,289.12,-0.68,0.30,0.88,18.62,16.85,20.39,-397.53,85.18,-109.46,90
-0.25,-0.67,-0.00,51.39,-34.00,18.49,317.96,350.86,292.65,-0.12,0.16,0.69,53.53,16.66,55.48,-378.00,69.21,-118.01,90
-0.36,-0.93,0.17,5.19,8.18,12.21,330.76,330.76,283.84,-0.43,0.46,0.75,9.64,3.66,-4.15,-381.55,76.31,-107.75,90
-0.36,-0.81,0.17,-4.09,-8.73,-22.71,316.14,323.45,294.41,-0.52,0.48,0.81,2.14,-19.96,6.16,-374.45,58.56,-111.17,90
-0.16,-0.87,-0.06,-2.81,-3.91,-18.74,310.65,328.93,292.65,-0.55,0.40,1.01,-14.28,-23.44,-4.46,-383.33,74.54,-126.56,90
-0.20,-0.87,0.09,11.84,-3.66,-7.87,301.52,330.76,283.84,-0.31,0.40,0.87,14.95,-7.26,6.84,-386.88,67.44,-126.56,90
-0.12,-0.87,0.08,15.63,5.98,5.00,288.73,325.27,296.18,-0.24,0.43,0.97,13.31,-1.22,-10.56,-383.33,56.79,-129.98,90
-0.15,-0.89,0.08,15.75,-9.16,-0.49,310.65,343.55,296.18,-0.34,0.45,0.85,22.22,-3.11,9.77,-402.85,51.47,-131.69,90
-0.16,-0.83,0.08,26.67,-11.41,9.95,281.42,307.00,320.86,-0.20,0.44,0.70,36.93,3.23,18.25,-390.43,46.14,-143.66,90
-0.31,-0.80,0.07,4.39,4.39,-1.65,285.07,321.62,310.28,-0.32,0.41,0.73,5.80,0.12,-2.44,-385.10,58.56,-152.21,90
-0.35,-0.76,0.05,-3.54,16.17,-2.87,279.59,330.76,301.47,-0.39,0.38,0.86,2.38,-0.85,-23.80,-393.98,74.54,-143.66,90
-0.31,-0.67,0.27,27.71,7.57,11.66,268.62,308.83,322.62,-0.37,0.47,0.60,28.26,5.31,-12.33,-379.78,46.14,-157.34,90
-0.30,-0.70,0.13,1.95,-4.39,-8.30,288.73,321.62,313.81,-0.43,0.47,0.75,-3.30,-8.48,2.01,-381.55,55.01,-155.63,90
-0.23,-0.74,0.21,-6.16,-15.14,-10.38,274.11,328.93,310.28,-0.48,0.54,0.72,-8.30,-12.15,6.65,-383.33,60.34,-150.50,90
-0.19,-0.81,0.30,15.93,-15.63,7.02,255.83,325.27,303.23,-0.34,0.57,0.88,6.96,6.35,11.29,-392.20,58.56,-155.63,90
-0.27,-0.85,0.26,-21.97,-4.33,-2.99,279.59,319.79,294.41,-0.39,0.52,0.82,-18.55,-4.88,1.95,-378.00,51.47,-145.37,90
-0.24,-0.87,0.02,-18.98,-6.29,-14.89,285.07,321.62,299.70,-0.49,0.45,1.02,-26.79,-16.97,-0.37,-370.91,44.37,-148.79,90
-0.21,-0.84,0.15,0.85,-14.16,-16.78,283.24,312.48,283.84,-0.34,0.40,0.92,4.82,-14.40,16.17,-393.98,60.34,-150.50,90
-0.10,-0.84,0.07,-14.40,-0.85,-9.52,266.80,317.96,282.07,-0.23,0.40,1.01,-10.13,-14.95,4.33,-362.03,63.89,-147.08,90
-0.09,-0.87,0.03,4.70,-4.82,-2.38,281.42,310.65,296.18,-0.09,0.37,1.00,8.18,-6.59,16.85,-369.13,46.14,-153.92,90
-0.10,-0.92,0.01,-19.96,3.91,-5.31,275.93,316.14,287.36,-0.03,0.30,0.85,2.62,-5.25,5.13,-370.91,30.17,-138.53,90
-0.14,-0.92,0.04,-3.66,-12.82,-2.14,270.45,314.31,271.49,-0.33,0.39,0.91,9.95,-0.37,5.19,-363.81,40.82,-155.63,90
-0.07,-0.92,-0.02,-16.60,-2.62,1.83,290.55,312.48,273.26,-0.19,0.39,0.87,-10.38,-3.48,6.41,-367.36,40.82,-141.95,90
-0.13,-0.99,-0.04,8.97,-7.57,14.34,290.55,316.14,283.84,-0.17,0.39,1.13,6.23,11.11,15.63,-353.16,40.82,-135.11,90
-0.25,-1.04,0.11,14.04,10.80,28.44,281.42,310.65,275.02,-0.02,0.37,1.16,25.21,29.91,1.53,-356.71,44.37,-121.43,90
-0.24,-1.02,0.08,-10.62,7.87,19.78,316.14,323.45,280.31,-0.21,0.40,1.02,16.24,21.67,-13.31,-367.36,58.56,-131.69,90
-0.22,-0.86,-0.03,4.03,-6.59,29.48,294.21,319.79,283.84,-0.36,0.37,0.82,13.85,21.85,0.18,-365.58,31.94,-116.30,90
-0.26,-0.77,0.02,7.20,-4.46,26.61,332.58,321.62,278.55,-0.30,0.36,0.86,6.71,24.78,0.98,-360.26,51.47,-114.59,90
-0.19,-0.73,0.06,-0.61,-19.10,27.83,336.24,317.96,271.49,-0.45,0.38,0.65,11.05,21.24,8.91,-362.03,56.79,-109.46,90
-0.36,-0.77,-0.04,-1.40,-0.92,41.32,363.65,334.41,266.21,-0.48,0.35,0.81,-8.06,29.48,0.43,-370.91,55.01,-87.22,90
-0.55,-0.75,0.05,9.52,9.58,54.14,359.99,356.34,259.15,-0.36,0.30,0.94,10.38,59.94,1.04,-374.45,62.11,-73.54,90
-0.46,-0.66,0.01,14.95,3.60,63.66,372.79,376.44,267.97,-0.47,0.29,0.94,26.73,64.03,-12.94,-386.88,78.09,-51.31,90
-0.46,-0.58,0.09,11.54,-8.79,64.64,402.02,391.06,267.97,-0.77,0.39,0.46,30.33,53.96,-12.33,-379.78,117.13,-41.05,90
-0.74,-0.50,0.11,5.25,11.84,66.53,412.99,409.33,275.02,-0.82,0.43,0.31,7.69,53.77,-17.27,-390.43,120.68,-47.89,90
-0.89,-0.45,0.08,6.53,4.76,51.45,420.30,442.23,275.02,-0.84,0.34,0.49,1.04,52.98,-7.08,-388.65,147.30,-42.76,90
-0.83,-0.37,0.08,0.49,-2.81,44.86,412.99,460.50,264.44,-0.84,0.27,0.49,4.21,47.91,1.16,-397.53,173.92,-13.68,90
-0.80,-0.28,0.02,-3.48,26.06,62.99,429.43,484.26,280.31,-0.86,0.21,0.36,7.02,51.21,-33.81,-401.07,184.57,-27.36,90
-0.85,-0.17,0.02,9.28,9.95,53.77,423.95,497.05,289.12,-1.01,0.23,0.22,17.82,48.10,-22.22,-402.85,214.73,-8.55,90
-0.87,-0.08,0.02,1.22,8.48,39.92,442.23,529.94,289.12,-1.01,0.20,0.04,9.64,33.51,-17.21,-406.40,246.68,-18.81,90
-0.90,-0.02,-0.04,4.88,11.23,42.30,422.12,557.35,287.36,-1.00,0.16,0.03,7.45,37.11,-16.60,-393.98,252.00,-10.26,90
-0.88,0.03,-0.04,7.26,0.31,32.84,420.30,570.14,275.02,-1.00,0.13,0.04,12.63,31.92,-5.92,-402.85,271.52,-42.76,90
-0.87,0.13,-0.05,10.86,9.22,46.20,411.16,582.93,297.94,-0.96,0.09,-0.09,18.80,40.04,-14.53,-404.62,301.69,-10.26,90
-1.00,0.16,-0.05,12.21,12.27,40.53,402.02,614.00,296.18,-1.02,0.08,-0.09,16.66,37.72,-14.22,-409.95,314.12,-49.60,90
-1.03,0.21,-0.03,-1.89,9.58,15.50,400.20,623.14,304.99,-1.08,0.06,-0.14,9.89,17.64,-11.84,-411.72,312.34,-30.78,90
-0.91,0.28,-0.06,-7.39,-0.55,16.05,405.68,632.27,299.70,-1.05,0.03,-0.21,5.00,11.72,-0.73,-393.98,330.09,-34.20,90
-0.99,0.34,-0.08,-6.71,8.12,15.87,402.02,650.55,285.60,-1.16,0.03,-0.24,-2.20,12.82,-15.50,-409.95,346.06,-35.92,90
-0.94,0.37,-0.14,-9.77,-9.09,10.80,411.16,652.37,280.31,-1.11,0.01,-0.30,1.34,9.70,5.86,-395.75,346.06,-32.49,90
-0.89,0.35,-0.12,6.35,-1.65,20.02,398.37,639.58,299.70,-0.92,-0.04,-0.27,12.76,16.91,8.00,-399.30,356.71,-35.92,90
-0.78,0.36,-0.04,-0.24,-5.49,9.46,398.37,665.17,285.60,-1.06,0.07,-0.30,6.47,6.65,-4.94,-401.07,369.13,-41.05,90
-0.78,0.44,-0.06,-6.04,12.82,10.50,411.16,663.34,262.68,-0.96,0.02,-0.36,-3.48,1.46,-17.58,-390.43,372.68,-27.36,90
-0.79,0.43,-0.04,-6.90,-1.65,13.85,400.20,663.34,280.31,-0.97,0.01,-0.39,-0.55,10.74,-1.16,-397.53,379.78,-41.05,90
-0.75,0.42,-0.04,-1.59,-11.29,16.48,402.02,672.48,267.97,-0.84,0.05,-0.31,1.28,18.74,9.52,-386.88,379.78,-44.47,90
-0.85,0.47,-0.06,-19.17,-3.91,36.87,402.02,683.44,285.60,-0.91,0.05,-0.46,-11.96,36.32,-3.11,-404.62,369.13,-34.20,90
-0.81,0.52,-0.18,-1.28,-14.16,3.23,394.71,672.48,271.49,-0.96,-0.03,-0.35,2.01,5.43,14.71,-395.75,399.30,-32.49,90
-0.71,0.55,-0.13,7.75,9.03,9.34,391.06,687.10,271.49,-0.92,-0.03,-0.46,6.10,-0.24,-12.94,-385.10,402.85,-42.76,90
-0.80,0.57,-0.09,0.61,13.79,11.66,396.54,703.54,273.26,-0.86,-0.04,-0.53,7.63,8.54,-10.56,-386.88,401.07,-37.63,90
-0.82,0.56,-0.07,8.18,6.41,-3.54,383.75,694.40,278.55,-0.96,-0.00,-0.51,15.50,-1.10,-14.04,-386.88,397.53,-47.89,90
-0.72,0.55,-0.09,5.31,10.13,0.37,396.54,699.89,280.31,-0.79,-0.02,-0.58,18.13,-0.18,-2.20,-404.62,422.37,-58.15,90
-0.75,0.53,-0.10,10.07,6.04,11.72,403.85,714.51,273.26,-0.83,-0.04,-0.48,17.46,11.54,-5.13,-386.88,422.37,-51.31,90
-0.72,0.54,-0.10,1.53,-3.17,6.10,389.23,721.82,273.26,-0.91,-0.04,-0.46,9.89,3.23,-1.65,-397.53,436.57,-47.89,90
-0.65,0.52,-0.15,-6.71,-1.10,11.23,376.44,701.71,267.97,-0.73,-0.07,-0.45,6.35,10.62,7.32,-383.33,422.37,-54.73,90
-0.70,0.59,-0.14,-5.00,17.70,4.46,372.79,716.33,264.44,-0.83,-0.08,-0.55,3.78,0.18,-19.78,-379.78,415.27,-61.57,90
-0.72,0.61,-0.17,7.32,-8.12,3.66,370.96,718.16,262.68,-0.86,-0.08,-0.58,16.05,3.66,6.29,-388.65,434.79,-53.02,90
-0.69,0.65,-0.11,6.96,-4.46,-4.70,381.92,718.16,273.26,-0.91,-0.08,-0.66,13.85,-7.45,0.73,-372.68,436.57,-58.15,90
-0.78,0.60,-0.12,15.08,-1.59,-0.98,374.61,718.16,276.78,-0.84,-0.07,-0.52,15.44,-0.67,5.07,-378.00,431.24,-66.70,90
-0.76,0.61,-0.14,-3.11,-12.39,-12.15,374.61,707.20,269.73,-0.85,-0.10,-0.58,10.25,-11.84,19.90,-378.00,438.34,-63.28,90
-0.74,0.58,-0.15,7.51,10.86,-3.17,370.96,718.16,283.84,-0.82,-0.14,-0.48,13.18,-7.87,-4.15,-393.98,422.37,-64.99,90
-0.83,0.64,-0.17,5.49,23.32,17.46,369.13,727.30,271.49,-0.80,-0.15,-0.57,17.76,10.01,-17.15,-383.33,433.02,-75.25,90
-0.75,0.65,-0.18,3.30,10.01,16.48,363.65,740.09,259.15,-0.96,-0.15,-0.65,13.12,6.53,-20.26,-390.43,447.22,-88.93,90
-0.70,0.66,-0.22,10.50,-8.54,34.18,347.20,723.64,278.55,-0.86,-0.18,-0.63,16.11,28.44,3.42,-392.20,448.99,-83.80,90
-0.66,0.69,-0.17,4.33,-7.57,34.97,334.41,732.78,276.78,-0.82,-0.18,-0.64,11.35,31.31,-1.53,-386.88,461.41,-92.35,90
-0.66,0.78,-0.24,0.37,-1.04,32.17,323.45,743.74,290.89,-0.75,-0.22,-0.67,3.30,26.61,-1.22,-378.00,463.19,-114.59,90
-0.65,0.79,-0.23,-0.24,-13.73,27.71,299.69,752.88,292.65,-0.83,-0.21,-0.70,4.52,27.95,3.66,-392.20,452.54,-114.59,90
-0.60,0.79,-0.21,10.44,-6.71,33.26,292.38,745.57,299.70,-0.73,-0.20,-0.71,11.05,28.20,2.93,-393.98,472.06,-147.08,90
-0.55,0.84,-0.18,7.20,-8.30,14.95,285.07,749.23,299.70,-0.73,-0.18,-0.75,8.91,16.66,1.04,-390.43,457.86,-157.34,90
-0.46,0.83,-0.24,-1.71,-6.53,31.49,283.24,740.09,308.52,-0.57,-0.23,-0.83,5.92,27.83,6.04,-374.45,480.94,-155.63,90
-0.53,0.88,-0.12,1.40,2.20,28.44,257.66,751.05,312.04,-0.63,-0.19,-0.84,10.01,30.03,-11.35,-381.55,466.74,-165.89,90
-0.43,0.91,-0.24,-1.89,-14.71,13.37,255.83,738.26,306.75,-0.62,-0.21,-0.81,0.24,15.01,7.39,-402.85,466.74,-183.00,90
-0.40,0.95,-0.20,5.49,-5.68,18.37,237.56,752.88,317.33,-0.51,-0.21,-0.88,10.44,14.89,5.62,-390.43,468.51,-177.87,90
-0.54,0.89,-0.15,6.71,5.37,-1.46,235.73,729.12,329.67,-0.64,-0.17,-0.79,11.05,3.91,-10.93,-383.33,472.06,-184.71,90
-0.42,0.94,-0.19,-5.00,-2.87,-17.09,239.39,743.74,315.57,-0.46,-0.21,-0.90,8.24,-17.33,14.47,-386.88,472.06,-184.71,90
-0.45,0.87,-0.13,-5.37,-2.75,-34.30,241.21,749.23,324.38,-0.58,-0.16,-0.82,11.05,-26.00,5.98,-408.17,468.51,-181.29,90
-0.50,0.91,-0.18,-8.73,-2.62,-34.06,252.18,738.26,334.96,-0.65,-0.16,-0.82,-0.49,-30.88,5.62,-399.30,452.54,-155.63,90
-0.58,0.84,-0.18,-6.90,8.85,-22.58,279.59,729.12,304.99,-0.61,-0.17,-0.79,0.00,-24.78,2.14,-393.98,454.32,-153.92,90
-0.60,0.80,-0.16,-5.43,-1.04,-36.87,296.04,738.26,310.28,-0.73,-0.17,-0.75,5.13,-34.97,7.81,-379.78,447.22,-133.40,90
-0.62,0.73,-0.15,-6.04,0.18,-40.53,303.35,734.61,313.81,-0.69,-0.13,-0.66,2.93,-40.77,9.64,-385.10,445.44,-131.69,90
-0.65,0.74,-0.13,-11.60,-7.14,-44.01,330.76,732.78,304.99,-0.79,-0.11,-0.71,1.22,-46.02,17.03,-402.85,434.79,-107.75,90
-0.69,0.72,-0.12,-2.20,-5.37,-32.23,345.37,721.82,308.52,-0.87,-0.09,-0.65,4.64,-38.02,11.90,-409.95,424.15,-94.06,90
-0.73,0.62,-0.11,4.09,0.31,-37.54,361.82,716.33,299.70,-0.98,-0.06,-0.51,4.70,-39.43,-1.46,-413.50,417.05,-83.80,90
-0.74,0.56,-0.13,-2.38,2.50,-24.72,372.79,705.37,292.65,-0.80,-0.08,-0.53,4.70,-27.83,8.79,-408.17,422.37,-85.51,90
-0.80,0.50,-0.12,3.54,-3.23,-29.91,374.61,696.23,304.99,-0.92,-0.06,-0.41,13.18,-30.76,14.10,-388.65,399.30,-66.70,90
-0.86,0.47,-0.09,5.00,2.62,-31.80,383.75,694.40,278.55,-1.06,-0.02,-0.37,10.86,-35.77,-0.49,-399.30,395.75,-76.96,90
-0.79,0.45,-0.11,-2.26,2.20,-23.93,381.92,685.27,297.94,-0.90,-0.07,-0.43,8.12,-32.41,8.36,-392.20,388.65,-59.86,90
-0.89,0.35,-0.12,-3.36,-6.04,-20.32,398.37,665.17,285.60,-0.93,-0.04,-0.37,10.38,-15.99,13.85,-404.62,379.78,-61.57,90
-0.83,0.34,-0.09,0.18,-17.27,-36.93,403.85,656.03,287.36,-1.00,-0.01,-0.27,13.31,-28.99,20.20,-397.53,351.38,-51.31,90
-0.84,0.29,-0.07,4.58,-30.76,-28.87,402.02,654.20,303.23,-0.97,0.03,-0.23,13.37,-23.13,38.51,-411.72,351.38,-54.73,90
-0.89,0.21,-0.00,5.49,-30.82,-30.82,400.20,604.86,315.57,-0.99,0.09,-0.18,13.73,-25.45,35.16,-425.92,319.44,-47.89,90
-0.99,0.12,0.09,7.26,-19.96,-51.76,405.68,599.38,306.75,-1.07,0.19,-0.13,10.01,-38.57,21.61,-422.37,298.14,-41.05,90
-0.85,0.09,0.13,-1.46,-28.75,-59.69,411.16,561.01,301.47,-1.00,0.26,-0.19,8.48,-55.66,43.09,-425.92,283.95,-47.89,90
-0.88,-0.04,0.14,-6.90,-28.44,-52.92,414.82,524.46,294.41,-0.93,0.30,-0.02,8.54,-45.78,48.16,-429.47,252.00,-41.05,90
-0.70,-0.11,0.21,0.73,-44.31,-53.96,407.51,495.22,290.89,-0.98,0.37,0.16,4.46,-46.88,43.03,-425.92,209.41,-41.05,90
-0.62,-0.13,0.30,-10.07,-39.61,-21.42,407.51,465.98,290.89,-0.80,0.48,0.07,5.80,-23.50,44.43,-397.53,166.82,-41.05,90
-0.68,-0.16,0.37,-2.38,-39.73,-8.12,414.82,447.71,290.89,-0.91,0.55,0.10,4.46,-13.06,37.29,-404.62,159.72,-51.31,90
-0.75,-0.25,0.39,-1.10,-33.69,-30.70,423.95,431.26,267.97,-0.85,0.58,0.19,-1.04,-17.52,33.33,-386.88,113.58,-47.89,90
-0.70,-0.31,0.40,-9.22,-53.10,-59.88,407.51,403.85,266.21,-0.82,0.61,0.17,4.76,-36.07,58.35,-356.71,108.25,-49.60,90
-0.46,-0.37,0.49,2.75,-61.77,-68.30,403.85,356.34,255.63,-0.70,0.69,0.34,10.25,-51.03,71.17,-349.61,55.01,-46.18,90
-0.48,-0.49,0.54,-1.40,-43.27,-49.50,374.61,341.72,206.27,-0.57,0.80,0.37,3.48,-35.52,50.66,-342.51,23.07,-53.02,90
-0.30,-0.51,0.56,-11.78,-38.33,-42.66,352.68,319.79,195.69,-0.37,0.84,0.32,6.59,-37.05,59.39,-310.57,12.42,-70.12,90
-0.15,-0.52,0.56,-5.00,-25.09,-10.80,350.86,296.04,165.72,-0.34,0.88,0.42,4.46,-19.29,38.88,-292.82,-23.07,-90.64,90
-0.22,-0.57,0.61,14.04,0.61,12.08,343.55,292.38,165.72,-0.44,0.94,0.55,5.80,1.71,-9.70,-259.10,-24.85,-99.19,90
-0.20,-0.44,0.68,8.67,-15.26,0.31,338.07,308.83,167.48,-0.47,0.96,0.32,21.79,2.87,-1.46,-273.30,-21.30,-85.51,90
-0.28,-0.47,0.64,7.02,-10.80,-17.64,338.07,305.17,178.06,-0.40,0.90,0.41,11.96,-10.31,7.20,-273.30,-31.94,-85.51,90
-0.08,-0.48,0.67,10.13,-26.12,-41.44,343.55,274.11,162.19,-0.38,0.93,0.41,16.78,-35.34,25.63,-273.30,-21.30,-88.93,90
-0.01,-0.49,0.74,14.40,-18.31,-15.01,321.62,281.42,155.14,-0.18,1.00,0.34,26.67,-22.09,27.95,-255.55,-56.79,-102.61,90
-0.13,-0.51,0.68,14.28,-1.22,-16.66,308.83,286.90,153.38,-0.35,1.01,0.42,14.16,-14.40,-4.39,-248.45,-28.39,-119.72,90
0.02,-0.43,0.64,4.39,10.56,0.49,319.79,290.55,156.90,-0.10,0.90,0.27,14.83,-10.93,-2.81,-266.20,-60.34,-123.14,90
-0.07,-0.43,0.65,14.65,7.45,2.75,308.83,286.90,163.95,-0.19,0.91,0.29,24.41,4.33,-11.23,-255.55,-46.14,-126.56,90
-0.13,-0.44,0.60,17.58,4.03,-0.55,321.62,274.11,162.19,-0.24,0.92,0.26,24.35,-2.01,-3.85,-252.00,-35.49,-116.30,90
-0.10,-0.34,0.70,29.91,-9.52,-12.70,294.21,275.93,163.95,-0.29,0.94,0.28,31.86,-8.91,6.59,-246.68,-44.37,-124.85,90
-0.09,-0.33,0.69,15.32,-11.41,-15.75,290.55,268.62,171.01,-0.24,0.93,0.16,23.32,-10.80,15.38,-264.43,-55.01,-135.11,90
-0.09,-0.37,0.66,14.65,-19.71,-10.99,288.73,270.45,165.72,-0.25,0.91,0.18,23.86,-6.16,18.98,-253.78,-47.92,-138.53,90
0.02,-0.29,0.79,12.08,-10.74,6.41,292.38,259.49,151.61,-0.15,1.03,0.15,29.17,0.31,12.15,-234.26,-67.44,-150.50,90
-0.05,-0.29,0.68,-3.78,-9.34,15.32,294.21,243.04,139.27,-0.19,0.93,0.15,3.11,16.66,10.44,-239.58,-47.92,-152.21,90
0.01,-0.33,0.61,-15.32,-3.54,8.54,290.55,250.35,160.43,-0.18,0.89,0.19,-9.70,8.91,-2.50,-246.68,-65.66,-138.53,90
-0.02,-0.40,0.74,4.88,13.00,-3.11,294.21,261.32,149.85,-0.06,0.99,0.23,4.03,-3.17,-10.07,-234.26,-60.34,-133.40,90
0.03,-0.34,0.77,11.47,-10.62,-7.14,292.38,263.14,141.04,-0.16,1.07,0.17,20.69,-10.13,7.08,-230.71,-63.89,-129.98,90
-0.04,-0.33,0.68,10.74,7.26,-8.42,281.42,263.14,158.67,-0.09,0.96,0.17,17.27,-7.14,-3.36,-253.78,-62.11,-138.53,90
-0.01,-0.26,0.73,1.71,3.11,-2.75,286.90,243.04,146.33,-0.12,0.93,0.03,21.24,-9.22,5.43,-232.48,-62.11,-159.05,90
-0.03,-0.29,0.67,-1.53,1.53,-2.87,296.04,252.18,151.61,-0.16,0.92,0.17,4.52,-9.09,2.32,-230.71,-60.34,-150.50,90
-0.04,-0.32,0.74,-2.20,-14.53,-8.06,270.45,255.83,151.61,-0.27,1.00,0.16,6.65,-8.36,7.93,-237.81,-67.44,-153.92,90
0.04,-0.28,0.74,-9.40,-6.04,-2.75,288.73,270.45,148.09,-0.13,0.96,0.11,2.50,-6.47,10.62,-232.48,-69.21,-145.37,90
0.04,-0.31,0.67,-0.37,-8.06,1.83,279.59,246.70,146.33,-0.16,0.96,0.25,2.32,1.46,4.21,-218.28,-58.56,-162.47,90
0.02,-0.34,0.75,-0.79,-2.14,2.93,275.93,272.28,135.75,-0.12,1.00,0.10,8.12,-3.72,-0.37,-237.81,-53.24,-143.66,90
0.02,-0.34,0.71,-7.57,-0.61,2.14,290.55,261.32,139.27,-0.13,0.97,0.16,-2.26,0.12,-0.92,-232.48,-55.01,-148.79,90
0.00,-0.37,0.72,-8.24,-2.81,-0.55,281.42,277.76,133.98,-0.11,0.96,0.21,-3.17,-1.40,5.49,-232.48,-51.47,-141.95,90
0.05,-0.38,0.70,-9.03,-3.85,-7.26,285.07,263.14,144.56,-0.06,0.98,0.32,-3.78,-4.88,10.07,-239.58,-55.01,-141.95,90
0.07,-0.39,0.72,-8.00,3.78,-2.01,283.24,261.32,135.75,-0.01,0.97,0.24,4.15,-4.82,2.75,-223.61,-49.69,-147.08,90
0.03,-0.42,0.71,-4.94,-2.93,2.08,301.52,272.28,125.17,-0.08,1.00,0.25,2.01,0.67,6.65,-225.38,-47.92,-138.53,90
0.01,-0.45,0.70,-10.38,6.84,6.71,281.42,259.49,119.88,0.02,0.96,0.29,-1.40,9.70,2.32,-211.19,-58.56,-138.53,90
-0.00,-0.47,0.69,-10.25,-2.99,-1.89,294.21,272.28,128.70,-0.05,0.98,0.31,3.30,3.91,6.65,-218.28,-37.27,-131.69,90
0.06,-0.45,0.74,-2.56,-11.90,5.55,299.69,285.07,123.41,-0.09,1.01,0.23,11.66,1.34,14.10,-225.38,-40.82,-131.69,90
-0.01,-0.49,0.80,1.95,-2.01,5.07,297.86,286.90,125.17,-0.15,1.08,0.36,4.52,6.65,-1.65,-225.38,-40.82,-118.01,90
0.02,-0.50,0.73,-6.90,-2.14,7.75,305.17,279.59,132.22,-0.12,1.06,0.36,-3.85,6.65,-2.62,-214.73,-47.92,-121.43,90
0.02,-0.49,0.71,-7.69,-3.78,1.95,307.00,277.76,123.41,-0.11,1.01,0.35,1.65,4.03,2.20,-232.48,-47.92,-121.43,90
-0.02,-0.49,0.74,-8.18,-1.16,0.98,310.65,281.42,119.88,-0.12,1.01,0.31,2.81,2.38,0.43,-214.73,-47.92,-121.43,90
0.01,-0.51,0.60,-10.38,2.01,1.28,317.96,288.73,123.41,-0.05,0.93,0.36,-0.18,0.73,3.42,-216.51,-56.79,-109.46,90
0.05,-0.50,0.70,4.21,5.00,5.74,317.96,263.14,123.41,-0.07,0.97,0.36,9.95,0.12,-2.62,-212.96,-53.24,-116.30,90
-0.01,-0.54,0.68,1.65,-1.10,2.69,294.21,275.93,125.17,-0.18,1.02,0.41,4.27,3.48,-2.01,-221.83,-30.17,-121.43,90
-0.01,-0.48,0.70,-4.33,-0.06,-2.44,308.83,283.24,125.17,-0.17,0.98,0.35,6.53,-1.83,-3.11,-216.51,-49.69,-109.46,90
0.04,-0.48,0.62,-3.78,5.13,-0.85,308.83,279.59,121.64,-0.06,0.91,0.38,1.89,-5.00,-0.43,-212.96,-56.79,-109.46,90
0.02,-0.51,0.62,1.83,7.14,-2.14,305.17,275.93,128.70,-0.05,0.93,0.43,5.98,-4.15,-2.14,-228.93,-51.47,-118.01,90
0.07,-0.50,0.70,18.25,-0.06,-2.69,307.00,274.11,141.04,-0.06,0.98,0.42,24.11,-3.72,0.73,-221.83,-47.92,-121.43,90
0.04,-0.48,0.74,13.79,-1.04,0.37,303.35,277.76,133.98,-0.12,1.02,0.33,22.46,0.92,-3.72,-228.93,-51.47,-111.17,90
-0.03,-0.47,0.65,7.20,-5.68,-1.46,305.17,283.24,128.70,-0.19,0.97,0.28,15.01,-0.73,1.53,-220.06,-42.59,-102.61,90
0.05,-0.41,0.69,15.69,-2.56,-5.92,307.00,266.80,119.88,-0.05,0.95,0.27,20.39,-5.49,6.29,-200.54,-51.47,-111.17,90
0.05,-0.40,0.73,12.27,-2.99,-2.56,301.52,272.28,121.64,-0.08,0.98,0.25,21.85,-3.48,3.91,-218.28,-44.37,-124.85,90
0.08,-0.39,0.74,11.47,-5.92,-1.04,297.86,283.24,125.17,-0.07,1.00,0.22,19.17,-4.09,6.23,-211.19,-55.01,-131.69,90
0.06,-0.36,0.75,7.08,-8.06,-2.93,292.38,281.42,109.30,-0.13,1.02,0.16,14.59,-4.94,4.82,-211.19,-51.47,-135.11,90
0.07,-0.33,0.68,-6.41,-1.34,2.87,308.83,272.28,118.12,-0.08,0.93,0.13,2.01,-1.34,2.87,-211.19,-58.56,-124.85,90
-0.02,-0.35,0.58,-15.87,5.80,7.08,314.31,281.42,119.88,-0.09,0.85,0.18,-8.00,3.85,-3.17,-214.73,-58.56,-121.43,90
0.02,-0.40,0.60,-8.91,10.38,5.37,303.35,270.45,116.35,-0.03,0.85,0.31,-0.85,2.93,-4.88,-214.73,-55.01,-111.17,90
0.06,-0.40,0.68,-5.00,5.19,7.26,310.65,266.80,119.88,-0.08,0.93,0.26,6.35,1.83,-4.39,-214.73,-62.11,-118.01,90
0.05,-0.39,0.73,-8.67,-2.44,6.84,305.17,283.24,118.12,-0.11,0.96,0.16,3.66,0.00,2.32,-212.96,-49.69,-123.14,90
-0.00,-0.43,0.70,-4.76,-8.00,-1.59,308.83,275.93,104.01,-0.20,1.00,0.31,-3.91,-5.49,8.24,-211.19,-58.56,-124.85,90
0.08,-0.45,0.68,-3.54,2.56,6.23,310.65,281.42,105.78,-0.09,0.99,0.39,-2.44,0.43,-1.83,-209.41,-31.94,-112.88,90
-0.04,-0.49,0.73,-2.69,4.70,15.08,308.83,283.24,118.12,-0.18,1.02,0.33,2.44,12.02,-8.54,-211.19,-55.01,-100.90,90
-0.11,-0.53,0.66,-10.93,6.47,8.54,328.93,270.45,116.35,-0.13,0.96,0.41,-3.11,10.38,-3.97,-225.38,-44.37,-114.59,90
-0.06,-0.52,0.63,-13.61,3.05,4.03,345.37,283.24,125.17,-0.10,0.91,0.38,0.61,5.25,0.92,-230.71,-46.14,-92.35,90
-0.03,-0.51,0.62,-7.32,-1.04,5.55,330.76,290.55,121.64,-0.14,0.91,0.37,5.25,3.42,1.34,-230.71,-49.69,-112.88,90
-0.04,-0.51,0.64,-2.20,-6.65,3.91,349.03,297.86,121.64,-0.21,0.94,0.38,5.43,2.14,5.68,-220.06,-60.34,-95.77,90
-0.03,-0.54,0.65,7.57,-1.28,1.65,341.72,294.21,118.12,-0.19,0.97,0.44,9.09,-1.16,0.73,-227.16,-53.24,-85.51,90
-0.01,-0.51,0.73,-0.79,6.10,4.15,334.41,275.93,121.64,-0.18,1.00,0.34,6.96,-1.10,-6.71,-218.28,-51.47,-87.22,90
-0.07,-0.54,0.59,-5.49,12.51,10.86,341.72,312.48,125.17,-0.22,0.92,0.39,-0.49,5.74,-13.92,-236.03,-44.37,-87.22,90
-0.12,-0.53,0.63,1.10,25.57,18.25,349.03,294.21,132.22,-0.19,0.93,0.40,4.82,10.50,-23.68,-236.03,-62.11,-94.06,90
-0.20,-0.52,0.60,5.07,29.66,24.78,361.82,299.69,158.67,-0.25,0.89,0.41,12.45,18.74,-30.46,-241.35,-39.04,-71.83,90
-0.27,-0.50,0.59,4.58,32.84,24.90,378.27,316.14,156.90,-0.33,0.87,0.39,13.31,17.70,-34.24,-260.88,-8.87,-66.70,90
-0.34,-0.48,0.55,1.59,36.44,25.88,376.44,332.58,190.40,-0.36,0.85,0.36,10.44,17.27,-35.95,-287.50,0.00,-64.99,90
-0.39,-0.46,0.59,3.54,24.84,18.98,369.13,325.27,190.40,-0.52,0.85,0.31,15.14,12.94,-29.42,-310.57,23.07,-53.02,90
-0.43,-0.42,0.56,1.28,32.10,18.92,402.02,343.55,208.03,-0.55,0.81,0.28,8.30,9.70,-33.69,-319.44,17.75,-51.31,90
-0.44,-0.39,0.47,2.08,39.55,21.61,403.85,345.37,220.37,-0.49,0.74,0.30,6.10,10.13,-35.95,-337.19,31.94,-51.31,90
-0.61,-0.36,0.46,3.91,47.18,35.34,411.16,367.30,241.52,-0.68,0.72,0.25,10.68,24.84,-51.33,-365.58,74.54,-37.63,90
-0.65,-0.33,0.38,0.24,41.63,30.46,425.78,396.54,248.58,-0.73,0.62,0.25,9.70,19.35,-44.31,-370.91,94.06,-46.18,90
-0.66,-0.31,0.34,6.90,30.33,27.22,412.99,420.30,264.44,-0.81,0.58,0.27,11.72,18.13,-35.64,-388.65,115.35,-29.07,90
-0.72,-0.24,0.27,1.83,63.42,41.69,433.09,447.71,269.73,-0.72,0.48,0.22,7.93,24.11,-62.19,-411.72,141.97,-30.78,90
-0.92,-0.18,0.24,-1.77,52.67,48.28,438.57,500.70,275.02,-1.05,0.43,0.15,5.31,34.12,-62.38,-408.17,181.02,-23.94,90
-0.90,-0.11,0.11,-4.64,50.66,34.91,429.43,528.11,269.73,-1.12,0.32,0.17,-3.30,20.75,-59.14,-397.53,220.06,-17.10,90
-0.84,-0.04,0.02,-11.84,34.67,21.48,431.26,544.56,285.60,-0.84,0.19,0.04,-1.10,11.66,-34.36,-392.20,236.03,-25.65,90
-0.89,0.02,-0.03,-9.64,44.19,40.77,440.40,564.66,276.78,-0.98,0.12,-0.01,2.08,27.16,-49.01,-401.07,273.30,-10.26,90
-0.94,0.08,-0.13,-12.21,45.65,53.16,436.74,604.86,266.21,-1.13,0.03,-0.04,-5.25,37.84,-56.82,-393.98,308.79,-30.78,90
-0.97,0.15,-0.23,-12.21,44.31,41.14,427.61,646.89,275.02,-1.02,-0.08,-0.07,-4.46,27.34,-50.29,-397.53,344.29,-10.26,90
-0.93,0.20,-0.23,-4.52,20.87,16.97,436.74,663.34,245.05,-0.98,-0.10,-0.11,4.27,11.23,-22.64,-379.78,383.33,-23.94,90
-0.80,0.24,-0.30,-9.03,33.33,9.22,429.43,688.92,245.05,-0.90,-0.16,-0.12,-4.21,-2.87,-31.49,-367.36,378.00,-5.13,90
-0.87,0.27,-0.32,-12.33,34.97,31.43,423.95,694.40,229.18,-1.05,-0.23,-0.13,-6.90,18.19,-41.87,-351.38,390.43,-13.68,90
-0.82,0.34,-0.43,-21.00,38.27,37.96,433.09,718.16,216.84,-1.07,-0.32,-0.12,-20.02,22.52,-49.07,-337.19,422.37,-17.10,90
-0.79,0.41,-0.53,-18.37,31.07,27.04,423.95,760.19,172.77,-0.95,-0.41,-0.18,-16.91,15.93,-38.09,-321.21,448.99,-11.97,90
-0.87,0.40,-0.52,-5.86,18.92,11.23,398.37,760.19,162.19,-0.92,-0.43,-0.22,-0.24,7.39,-21.24,-292.82,459.64,-8.55,90
-0.72,0.46,-0.51,-2.62,-13.49,-13.92,422.12,762.02,181.58,-0.85,-0.43,-0.31,7.02,-11.96,17.21,-280.40,450.77,0.00,90
-0.74,0.46,-0.51,-6.84,5.92,22.40,416.64,745.57,179.82,-0.80,-0.44,-0.31,2.75,15.99,-7.20,-298.14,461.41,-3.42,90
-0.90,0.46,-0.51,-7.32,17.46,20.69,414.82,772.98,171.01,-1.00,-0.43,-0.28,-0.61,15.93,-23.68,-283.95,475.61,-17.10,90
-0.73,0.53,-0.53,-7.69,-9.09,-0.37,409.33,782.12,162.19,-0.85,-0.45,-0.40,2.01,-1.04,10.86,-294.59,461.41,-6.84,90
-0.60,0.56,-0.46,-8.42,-11.96,21.79,407.51,765.67,153.38,-0.74,-0.44,-0.48,0.55,17.52,10.31,-291.05,479.16,-20.52,90
-0.62,0.64,-0.45,-11.66,-29.05,36.68,418.47,791.26,160.43,-0.80,-0.37,-0.43,-2.75,39.06,20.45,-283.95,479.16,-17.10,90
-0.60,0.67,-0.36,7.20,-40.89,43.88,374.61,794.91,181.58,-0.75,-0.32,-0.49,15.14,52.98,29.30,-294.59,493.36,-41.05,90
-0.72,0.73,-0.33,3.78,-17.46,65.98,345.37,820.49,192.16,-0.77,-0.32,-0.66,9.03,67.32,3.17,-307.02,509.33,-73.54,90
-0.68,0.73,-0.36,2.01,-27.34,55.30,312.48,809.53,213.32,-0.79,-0.32,-0.68,8.18,62.01,10.93,-307.02,516.43,-111.17,90
-0.42,0.85,-0.22,11.78,-40.28,54.50,296.04,800.39,243.29,-0.50,-0.31,-0.84,19.04,62.38,28.44,-330.09,518.20,-129.98,90
-0.41,0.97,-0.23,7.87,-31.80,59.94,261.32,791.26,266.21,-0.58,-0.28,-0.80,9.46,67.57,13.61,-337.19,532.40,-164.18,90
-0.37,1.07,-0.26,4.21,-35.03,62.74,219.29,793.08,275.02,-0.51,-0.31,-0.94,6.96,69.89,17.82,-342.51,495.13,-193.26,90
-0.31,1.04,-0.29,10.80,-31.98,58.78,179.08,763.85,313.81,-0.45,-0.32,-0.93,10.74,64.39,15.93,-353.16,498.68,-224.04,90
-0.24,0.95,-0.24,14.16,-7.45,34.48,175.43,752.88,320.86,-0.32,-0.30,-0.90,20.45,37.84,0.92,-356.71,480.94,-251.41,90
-0.24,0.88,-0.21,0.49,-7.39,1.89,153.50,756.54,306.75,-0.31,-0.27,-0.93,10.07,7.69,3.78,-354.93,489.81,-273.64,90
-0.18,1.04,-0.27,-13.49,-17.52,-42.36,160.81,756.54,317.33,-0.28,-0.31,-0.95,-3.17,-40.34,26.86,-347.83,493.36,-253.12,90
-0.27,1.01,-0.37,-10.31,-10.93,-51.45,190.05,752.88,320.86,-0.27,-0.39,-0.85,4.64,-50.66,31.62,-365.58,482.71,-242.85,90
-0.33,0.91,-0.21,7.51,14.89,-89.60,232.08,765.67,294.41,-0.53,-0.29,-0.75,20.94,-79.65,-4.82,-365.58,486.26,-225.75,90
-0.54,0.87,-0.29,-1.28,21.67,-62.68,250.35,762.02,308.52,-0.33,-0.31,-0.80,10.50,-55.36,11.84,-372.68,479.16,-198.39,90
-0.63,0.87,-0.23,1.46,2.38,-65.12,277.76,752.88,306.75,-0.75,-0.27,-0.79,18.86,-58.78,13.37,-378.00,488.03,-172.73,90
-0.66,0.78,-0.28,-4.76,-4.03,-33.87,288.73,774.81,310.28,-0.58,-0.33,-0.79,14.65,-35.52,33.26,-393.98,486.26,-153.92,90
-0.83,0.70,-0.24,2.38,5.80,-30.33,312.48,754.71,301.47,-0.91,-0.25,-0.62,14.83,-31.80,2.38,-383.33,472.06,-140.24,90
-0.73,0.65,-0.21,-1.34,-1.40,-42.11,321.62,745.57,303.23,-0.86,-0.23,-0.60,10.68,-45.23,13.85,-390.43,464.96,-133.40,90
-0.78,0.59,-0.19,-2.38,-11.84,-46.75,332.58,716.33,296.18,-0.94,-0.18,-0.52,9.22,-44.98,18.86,-392.20,459.64,-124.85,90
-0.74,0.55,-0.25,-8.73,-11.23,-42.42,354.51,712.68,292.65,-0.84,-0.19,-0.45,1.95,-41.32,26.92,-399.30,434.79,-107.75,90
-0.77,0.49,-0.22,-0.43,-6.90,-32.23,383.75,701.71,292.65,-0.96,-0.17,-0.32,6.35,-33.94,10.25,-404.62,408.17,-78.67,90
-0.88,0.41,-0.22,5.25,1.28,-28.69,387.40,698.06,289.12,-0.94,-0.15,-0.27,8.97,-30.76,10.44,-411.72,408.17,-82.09,90
-0.90,0.35,-0.22,3.72,-10.01,-35.58,396.54,699.89,294.41,-1.01,-0.13,-0.25,14.83,-31.98,20.08,-413.50,395.75,-70.12,90
-0.95,0.28,-0.17,5.43,2.14,-39.98,398.37,657.86,299.70,-0.95,-0.11,-0.22,16.78,-34.79,14.89,-404.62,390.43,-75.25,90
-0.90,0.22,-0.13,6.29,-19.84,-52.80,400.20,663.34,301.47,-1.15,-0.01,-0.12,14.40,-43.95,18.01,-406.40,374.45,-49.60,90
-0.87,0.14,-0.20,2.50,-8.85,-39.55,411.16,626.79,287.36,-0.94,-0.06,-0.05,7.32,-40.16,27.71,-420.60,349.61,-49.60,90
-0.91,0.08,-0.13,-1.95,-4.33,-39.18,425.78,608.52,301.47,-0.95,-0.01,-0.06,15.69,-40.53,22.83,-427.70,314.12,-56.44,90
-0.96,-0.03,-0.14,1.22,-8.79,-43.88,422.12,582.93,308.52,-1.03,0.03,0.05,13.55,-40.71,22.28,-413.50,307.02,-42.76,90
-0.95,-0.07,-0.13,3.05,-1.71,-62.07,422.12,561.01,287.36,-1.04,0.06,0.11,11.66,-56.21,18.98,-434.79,278.62,-53.02,90
-0.86,-0.21,-0.11,-1.83,0.73,-64.03,433.09,542.73,304.99,-0.94,0.11,0.19,14.89,-64.27,23.93,-425.92,266.20,-51.31,90
-0.81,-0.34,-0.13,3.17,3.36,-50.96,427.61,511.67,310.28,-0.90,0.14,0.38,12.02,-52.00,14.95,-418.82,234.26,-44.47,90
-0.82,-0.41,-0.12,2.93,9.34,-48.10,412.99,493.39,299.70,-0.89,0.17,0.45,11.23,-51.57,6.96,-438.34,225.38,-53.02,90
-0.78,-0.47,-0.12,-2.75,10.01,-57.80,396.54,465.98,294.41,-0.85,0.18,0.53,9.28,-56.27,8.79,-431.24,204.09,-49.60,90
-0.71,-0.55,-0.15,1.10,13.67,-52.49,400.20,465.98,308.52,-0.78,0.18,0.60,10.01,-54.93,5.07,-422.37,188.11,-47.89,90
-0.68,-0.64,-0.16,-1.59,20.32,-48.46,400.20,440.40,301.47,-0.72,0.19,0.67,9.64,-50.17,-2.69,-422.37,159.72,-78.67,90
-0.53,-0.71,-0.16,-0.55,12.39,-52.06,392.89,436.74,322.62,-0.63,0.21,0.75,10.74,-54.08,0.37,-433.02,166.82,-82.09,90
-0.37,-0.76,-0.17,1.53,-6.77,-60.79,385.58,418.47,319.09,-0.56,0.24,0.84,9.89,-55.11,15.99,-443.67,156.17,-88.93,90
-0.36,-0.79,-0.18,-13.06,-2.69,-29.66,372.79,405.68,334.96,-0.45,0.22,0.75,3.05,-37.17,13.49,-417.05,136.65,-83.80,90
-0.43,-0.82,-0.25,-8.73,5.19,-33.51,363.65,392.89,322.62,-0.49,0.21,0.88,-2.69,-32.17,0.85,-429.47,124.23,-95.77,90
-0.29,-0.84,-0.29,5.92,6.47,-42.05,354.51,398.37,331.44,-0.40,0.18,0.93,9.70,-42.66,6.77,-434.79,126.00,-97.48,90
-0.25,-0.88,-0.25,3.17,12.08,-38.21,327.10,370.96,329.67,-0.37,0.19,0.90,12.15,-41.69,-4.76,-406.40,108.25,-118.01,90
-0.07,-0.86,-0.24,11.29,0.31,-35.40,319.79,385.58,343.78,-0.24,0.21,0.94,18.49,-37.41,3.42,-425.92,106.48,-133.40,90
-0.14,-0.91,-0.15,2.20,16.17,-21.67,305.17,374.61,354.35,-0.18,0.22,0.92,16.48,-32.29,-12.45,-418.82,117.13,-143.66,90
-0.07,-0.93,-0.16,6.23,8.85,-37.05,290.55,381.92,340.25,-0.24,0.27,0.96,13.92,-37.66,-7.45,-418.82,117.13,-129.98,90
-0.01,-0.94,-0.15,-1.65,5.92,-31.37,275.93,367.30,347.30,-0.12,0.28,0.89,10.62,-37.23,6.04,-409.95,111.80,-165.89,90
0.03,-0.91,-0.21,-11.90,11.11,-29.11,275.93,374.61,364.93,-0.06,0.25,0.93,1.83,-33.81,-1.22,-431.24,140.20,-155.63,90
0.07,-0.91,-0.28,-0.73,1.59,-22.09,285.07,387.40,373.75,-0.08,0.22,0.92,0.98,-32.23,-0.92,-440.12,131.33,-153.92,90
0.16,-0.91,-0.24,16.42,-2.26,-3.66,254.01,374.61,361.41,0.05,0.21,0.95,13.67,-13.55,4.94,-417.05,118.90,-162.47,90
0.18,-0.91,-0.17,5.19,13.24,15.50,270.45,372.79,377.27,0.19,0.22,0.92,11.35,9.40,-3.23,-422.37,127.78,-171.02,90
0.10,-0.94,-0.19,10.07,-16.54,17.09,263.14,380.10,366.69,0.00,0.29,0.96,17.40,22.58,10.74,-433.02,145.52,-157.34,90
0.05,-1.02,-0.10,-2.08,-11.54,25.27,254.01,374.61,357.88,0.09,0.27,1.00,15.99,30.94,15.69,-418.82,124.23,-164.18,90
-0.15,-1.03,-0.24,-34.42,-8.73,14.71,285.07,372.79,345.54,-0.16,0.25,1.01,-9.70,24.84,13.37,-420.60,126.00,-155.63,90
-0.10,-0.90,-0.23,-7.45,-16.48,-1.59,296.04,365.48,349.06,-0.23,0.20,1.06,-3.30,6.04,8.42,-413.50,111.80,-169.31,90
0.03,-0.93,-0.27,-3.54,-2.50,-0.85,292.38,372.79,338.49,-0.09,0.18,1.00,-3.60,-6.65,-0.98,-418.82,113.58,-147.08,90
0.11,-0.93,-0.24,-3.23,-10.74,14.34,285.07,358.17,345.54,-0.05,0.20,0.92,5.80,8.54,2.08,-413.50,104.71,-135.11,90
-0.05,-0.87,-0.17,-6.35,-5.31,32.96,310.65,365.48,342.01,-0.08,0.24,0.82,4.27,29.85,1.40,-413.50,118.90,-141.95,90
-0.07,-0.85,-0.28,-10.25,-11.11,29.30,345.37,381.92,322.62,-0.18,0.17,0.88,-3.42,27.10,2.08,-408.17,102.93,-119.72,90
-0.26,-0.88,-0.23,-3.11,-15.63,31.62,336.24,365.48,317.33,-0.28,0.19,0.88,5.92,36.19,9.34,-406.40,111.80,-107.75,90
-0.36,-0.90,-0.27,-5.55,-10.13,25.09,352.68,392.89,308.52,-0.34,0.14,0.94,3.42,32.65,5.80,-406.40,111.80,-94.06,90
-0.27,-0.89,-0.27,1.59,-9.70,24.05,381.92,378.27,312.04,-0.37,0.15,0.93,8.61,23.99,5.62,-397.53,127.78,-92.35,90
-0.37,-0.87,-0.22,-5.68,-0.55,22.64,383.75,391.06,296.18,-0.46,0.20,0.84,3.97,18.80,-7.63,-409.95,104.71,-94.06,90
-0.42,-0.84,-0.25,-3.97,-8.97,12.57,389.23,396.54,304.99,-0.50,0.17,0.89,1.10,16.85,-0.18,-397.53,127.78,-61.57,90
-0.41,-0.79,-0.24,-0.79,-0.73,25.27,372.79,402.02,303.23,-0.41,0.11,0.83,5.25,20.02,-1.77,-395.75,118.90,-70.12,90
-0.44,-0.80,-0.26,3.66,-5.80,30.15,396.54,403.85,294.41,-0.53,0.15,0.89,6.47,25.27,0.18,-411.72,138.42,-75.25,90
-0.52,-0.79,-0.22,-1.83,-2.38,28.87,391.06,416.64,282.07,-0.59,0.16,0.82,7.08,24.60,-2.01,-404.62,141.97,-64.99,90
-0.53,-0.74,-0.22,-6.10,-7.57,13.43,411.16,422.12,255.63,-0.59,0.14,0.78,3.97,14.89,3.97,-392.20,133.10,-66.70,90
-0.56,-0.72,-0.25,-10.62,-9.58,7.81,420.30,427.61,264.44,-0.63,0.13,0.75,-2.01,7.14,6.59,-390.43,141.97,-44.47,90
-0.55,-0.71,-0.26,-10.56,-18.07,-2.01,420.30,412.99,260.92,-0.63,0.10,0.76,-0.37,0.61,18.13,-395.75,147.30,-53.02,90
-0.56,-0.69,-0.29,-6.71,-26.98,-10.93,409.33,427.61,250.34,-0.68,0.10,0.77,-0.55,-7.08,25.76,-386.88,113.58,-44.47,90
-0.60,-0.76,-0.30,2.69,-19.35,-14.77,420.30,409.33,246.81,-0.67,0.11,0.89,3.17,-9.64,21.18,-378.00,122.45,-53.02,90
-0.58,-0.76,-0.24,13.67,-11.11,-5.13,407.51,396.54,252.10,-0.58,0.12,0.86,22.40,-1.34,23.13,-370.91,101.16,-25.65,90
-0.51,-0.77,-0.18,8.97,10.74,-6.23,409.33,383.75,232.71,-0.51,0.16,0.79,20.02,-5.68,-1.46,-374.45,94.06,-39.34,90
-0.58,-0.83,-0.07,17.15,4.27,-6.23,411.16,392.89,259.15,-0.76,0.33,0.85,20.02,-10.01,-15.20,-376.23,99.38,-47.89,90
-0.49,-0.78,-0.09,4.70,9.46,3.11,396.54,381.92,255.63,-0.58,0.28,0.73,20.94,-5.98,-4.64,-381.55,108.25,-53.02,90
-0.46,-0.74,-0.23,21.48,-5.31,15.75,403.85,389.23,262.68,-0.59,0.22,0.80,11.90,8.79,-5.80,-376.23,113.58,-51.31,90
-0.54,-0.74,-0.09,25.57,-1.71,14.40,385.58,396.54,287.36,-0.66,0.27,0.68,31.31,12.08,1.59,-404.62,102.93,-51.31,90
-0.54,-0.71,-0.10,10.99,10.44,14.16,389.23,396.54,294.41,-0.59,0.27,0.69,15.50,8.36,-9.89,-393.98,117.13,-68.41,90
-0.52,-0.68,-0.11,14.77,-9.46,13.85,387.40,405.68,285.60,-0.66,0.29,0.65,22.22,11.11,-0.61,-401.07,134.87,-82.09,90
-0.49,-0.55,-0.05,39.79,-25.15,16.91,369.13,402.02,285.60,-0.67,0.31,0.65,38.27,22.95,6.04,-411.72,127.78,-71.83,90
-0.63,-0.58,0.09,30.94,-22.34,20.75,378.27,396.54,297.94,-0.82,0.38,0.56,33.87,24.05,-1.10,-422.37,127.78,-78.67,90
-0.70,-0.62,0.05,8.18,-14.53,20.81,372.79,402.02,303.23,-0.74,0.35,0.54,22.40,20.57,13.31,-406.40,129.55,-76.96,90
-0.63,-0.59,0.19,17.94,-41.56,12.08,358.17,391.06,303.23,-0.79,0.44,0.66,23.19,18.37,37.78,-404.62,113.58,-75.25,90
-0.55,-0.58,0.20,-13.73,-31.68,10.31,374.61,396.54,283.84,-0.64,0.50,0.51,0.12,13.12,34.12,-408.17,113.58,-88.93,90
-0.56,-0.55,0.19,5.68,-46.63,1.83,383.75,354.51,257.39,-0.70,0.52,0.54,11.54,12.39,41.44,-397.53,85.18,-71.83,90
-0.56,-0.52,0.37,24.84,-39.25,10.50,369.13,350.86,267.97,-0.69,0.61,0.42,20.81,6.10,29.30,-393.98,67.44,-51.31,90
-0.51,-0.50,0.40,-6.23,-21.48,6.23,378.27,359.99,245.05,-0.64,0.65,0.27,6.04,2.69,22.71,-383.33,63.89,-78.67,90
-0.55,-0.51,0.28,-20.63,-0.49,11.84,385.58,349.03,245.05,-0.48,0.56,0.32,-13.06,10.13,8.18,-356.71,55.01,-70.12,90
-0.53,-0.50,0.39,1.65,-5.25,7.45,400.20,352.68,238.00,-0.57,0.64,0.42,9.16,7.75,3.48,-358.48,60.34,-71.83,90
-0.48,-0.48,0.38,-1.04,-7.39,7.14,409.33,358.17,236.24,-0.66,0.69,0.37,-1.40,1.10,-0.24,-356.71,55.01,-56.44,90
-0.58,-0.50,0.42,-2.26,-1.95,16.72,402.02,365.48,215.08,-0.61,0.68,0.39,0.61,12.21,2.81,-354.93,60.34,-47.89,90
-0.58,-0.50,0.32,3.36,-2.20,-0.49,420.30,354.51,225.66,-0.63,0.65,0.48,6.77,0.49,9.64,-349.61,47.92,-49.60,90
-0.54,-0.48,0.28,8.12,14.59,-7.14,405.68,372.79,218.61,-0.58,0.59,0.43,17.03,-10.62,-5.98,-356.71,76.31,-42.76,90
-0.56,-0.47,0.40,32.96,16.97,-12.45,389.23,370.96,238.00,-0.69,0.68,0.42,39.00,-17.70,-11.23,-365.58,74.54,-71.83,90
-0.57,-0.45,0.38,15.08,30.52,-13.18,367.30,374.61,259.15,-0.73,0.66,0.39,23.62,-24.05,-21.55,-362.03,78.09,-71.83,90
-0.67,-0.50,0.19,15.87,35.34,-21.48,352.68,389.23,262.68,-0.74,0.55,0.49,21.55,-23.19,-39.25,-404.62,102.93,-82.09,90
-0.66,-0.45,0.31,28.08,23.74,-22.71,341.72,367.30,304.99,-0.59,0.45,0.31,57.37,-21.97,-6.04,-397.53,99.38,-112.88,90
-0.63,-0.50,0.23,32.84,16.66,-26.55,316.14,378.27,312.04,-0.73,0.54,0.48,32.96,-32.90,-15.93,-408.17,120.68,-133.40,90
-0.55,-0.49,0.38,36.99,-1.89,-26.12,279.59,378.27,315.57,-0.70,0.60,0.40,45.17,-29.36,7.20,-417.05,129.55,-148.79,90
-0.53,-0.51,0.35,2.01,4.39,-16.24,283.24,374.61,329.67,-0.57,0.61,0.33,21.30,-17.58,8.24,-397.53,131.33,-164.18,90
-0.57,-0.53,0.34,-2.81,4.94,-8.18,270.45,365.48,331.44,-0.62,0.60,0.44,11.41,-9.34,2.38,-399.30,111.80,-179.58,90
-0.64,-0.53,0.41,0.85,3.42,-4.82,268.62,378.27,329.67,-0.72,0.69,0.46,11.17,-3.66,-3.66,-408.17,127.78,-171.02,90
-0.45,-0.52,0.33,2.08,3.05,-4.70,288.73,380.10,342.01,-0.57,0.63,0.47,11.29,-9.40,9.58,-406.40,118.90,-176.15,90
-0.52,-0.53,0.37,-12.51,-3.60,-2.38,279.59,370.96,336.72,-0.67,0.65,0.38,12.15,5.43,6.77,-397.53,113.58,-181.29,90
-0.55,-0.58,0.32,-0.12,16.48,9.22,281.42,394.71,342.01,-0.48,0.65,0.54,5.43,7.32,-9.83,-408.17,117.13,-164.18,90
-0.58,-0.55,0.32,16.78,20.08,-8.79,272.28,381.92,333.20,-0.53,0.63,0.50,23.07,-6.71,-14.04,-418.82,120.68,-174.44,90
-0.54,-0.50,0.39,22.89,21.67,-14.83,252.18,387.40,356.12,-0.50,0.63,0.38,39.31,-14.16,-14.10,-404.62,131.33,-181.29,90
-0.59,-0.49,0.40,22.46,15.20,-11.72,246.70,385.58,350.83,-0.62,0.66,0.38,32.84,-15.81,-13.18,-409.95,133.10,-203.52,90
-0.49,-0.44,0.38,11.60,-2.50,-14.22,243.04,403.85,350.83,-0.65,0.63,0.31,27.53,-16.48,5.62,-417.05,140.20,-210.36,90
-0.65,-0.46,0.34,-13.00,11.78,4.94,237.56,409.33,352.59,-0.62,0.58,0.33,3.66,3.60,-6.84,-413.50,143.75,-217.20,90
-0.70,-0.47,0.30,1.53,0.37,1.46,252.18,394.71,356.12,-0.77,0.59,0.42,9.40,2.44,0.73,-409.95,136.65,-200.10,90
-0.61,-0.46,0.27,-9.28,6.04,3.11,233.90,387.40,345.54,-0.65,0.55,0.35,4.39,-0.06,-0.73,-415.27,127.78,-212.07,90
-0.64,-0.50,0.25,-1.16,6.23,7.75,241.21,398.37,352.59,-0.69,0.57,0.43,5.43,3.97,-2.93,-425.92,145.52,-201.81,90
-0.61,-0.47,0.33,7.39,-5.98,-1.59,243.04,396.54,350.83,-0.75,0.61,0.42,13.37,-3.72,5.25,-434.79,147.30,-203.52,90
-0.56,-0.47,0.36,-10.44,-6.16,-0.06,233.90,398.37,352.59,-0.66,0.59,0.37,2.08,-0.67,8.48,-408.17,145.52,-208.65,90
-0.56,-0.48,0.32,-16.85,-18.43,4.64,241.21,387.40,352.59,-0.69,0.60,0.39,-6.47,7.57,13.49,-406.40,140.20,-203.52,90
-0.56,-0.50,0.41,-6.47,-18.98,21.30,264.97,356.34,340.25,-0.57,0.66,0.40,-0.06,21.61,20.32,-406.40,115.35,-193.26,90
-0.45,-0.48,0.49,1.34,-16.17,24.05,266.80,365.48,331.44,-0.50,0.77,0.35,5.43,19.29,21.85,-395.75,97.61,-189.84,90
-0.46,-0.45,0.44,-13.24,-3.11,17.15,272.28,356.34,333.20,-0.53,0.74,0.30,-8.12,12.45,8.61,-408.17,78.09,-174.44,90
-0.48,-0.47,0.44,-5.43,-5.98,5.86,285.07,361.82,320.86,-0.60,0.76,0.40,-2.44,5.00,7.57,-385.10,97.61,-169.31,90
-0.48,-0.43,0.46,-3.85,-13.00,-5.37,292.38,343.55,306.75,-0.68,0.76,0.32,5.74,-4.39,11.17,-397.53,81.63,-167.60,90
-0.55,-0.43,0.41,9.70,-26.55,-7.45,286.90,341.72,312.04,-0.74,0.75,0.37,9.95,-1.40,15.93,-402.85,76.31,-179.58,90
-0.52,-0.44,0.44,-3.17,9.46,-3.60,272.28,327.10,312.04,-0.39,0.65,0.30,9.70,-2.99,8.67,-397.53,67.44,-181.29,90
-0.47,-0.47,0.40,22.71,-6.96,-3.05,272.28,327.10,319.09,-0.47,0.71,0.47,31.86,-1.95,15.32,-397.53,67.44,-181.29,90
-0.49,-0.47,0.49,0.73,-2.81,-4.09,261.32,323.45,304.99,-0.57,0.76,0.24,24.84,-1.83,5.62,-390.43,67.44,-188.13,90
-0.49,-0.45,0.48,11.60,-11.66,3.11,264.97,330.76,315.57,-0.62,0.77,0.34,23.68,6.29,8.67,-390.43,60.34,-184.71,90
-0.46,-0.41,0.53,14.28,-20.94,6.96,272.28,334.41,290.89,-0.65,0.81,0.33,20.75,10.13,13.67,-379.78,70.99,-181.29,90
-0.47,-0.37,0.57,9.70,-13.00,6.77,268.62,334.41,301.47,-0.57,0.82,0.28,15.87,9.52,10.68,-379.78,56.79,-212.07,90
-0.42,-0.35,0.55,10.50,-15.69,8.24,254.01,327.10,294.41,-0.57,0.81,0.24,15.56,9.09,11.41,-369.13,39.04,-198.39,90
-0.38,-0.35,0.52,24.96,-36.56,7.81,259.49,299.69,278.55,-0.56,0.81,0.28,28.38,13.79,32.84,-362.03,56.79,-188.13,90
-0.35,-0.29,0.66,35.22,-40.77,7.75,244.87,310.65,267.97,-0.43,0.85,0.19,43.03,16.60,41.56,-354.93,24.85,-188.13,90
-0.27,-0.24,0.75,18.62,-37.35,14.22,243.04,290.55,252.10,-0.44,0.92,0.09,27.71,19.96,33.81,-321.21,1.77,-200.10,90
-0.20,-0.21,0.79,1.83,-5.13,17.82,244.87,277.76,232.71,-0.29,0.96,0.04,7.08,14.22,6.59,-326.54,-3.55,-201.81,90
-0.22,-0.21,0.75,-30.94,-2.01,9.77,257.66,297.86,241.52,-0.32,0.91,0.01,-18.43,4.21,7.45,-317.67,-5.32,-193.26,90
-0.25,-0.22,0.76,-38.21,3.23,16.24,275.93,283.24,238.00,-0.47,0.96,0.12,-32.17,9.52,-4.88,-324.76,12.42,-176.15,90
-0.26,-0.31,0.65,-30.03,1.28,13.37,297.86,290.55,238.00,-0.40,0.91,0.23,-24.23,8.79,-0.24,-340.74,7.10,-160.76,90
-0.37,-0.34,0.61,-32.53,7.02,6.71,314.31,303.35,239.76,-0.45,0.85,0.22,-23.38,4.39,-3.72,-335.41,5.32,-138.53,90
-0.38,-0.39,0.58,-11.41,2.08,14.40,314.31,299.69,246.81,-0.37,0.84,0.28,-3.48,12.82,2.69,-333.64,10.65,-123.14,90
-0.42,-0.43,0.57,-25.39,12.45,12.76,339.89,307.00,232.71,-0.44,0.87,0.29,-16.11,8.61,-7.63,-330.09,17.75,-116.30,90
-0.40,-0.46,0.57,-42.05,26.18,6.59,352.68,323.45,220.37,-0.49,0.83,0.24,-30.27,-4.39,-23.19,-353.16,12.42,-107.75,90
-0.46,-0.51,0.59,-43.58,23.50,2.14,345.37,330.76,230.95,-0.50,0.83,0.27,-33.81,-6.04,-16.85,-333.64,14.20,-85.51,90
-0.44,-0.56,0.36,-65.19,24.35,-3.30,370.96,338.07,234.47,-0.56,0.71,0.45,-56.46,-11.29,-20.81,-328.31,19.52,-76.96,90
-0.43,-0.63,0.26,-32.23,2.81,-4.94,381.92,345.37,227.42,-0.57,0.65,0.64,-27.95,-8.06,-1.16,-324.76,30.17,-53.02,90
-0.47,-0.63,0.37,-26.86,3.48,6.41,380.10,339.89,197.45,-0.46,0.65,0.53,-18.43,1.59,2.20,-330.09,21.30,-58.15,90
-0.46,-0.69,0.23,-31.86,9.70,5.13,392.89,359.99,195.69,-0.51,0.60,0.74,-26.67,-0.73,-5.86,-308.79,24.85,-44.47,90
-0.47,-0.70,0.19,-35.16,10.62,12.51,402.02,350.86,183.35,-0.59,0.55,0.74,-26.92,6.35,-11.29,-321.21,12.42,-32.49,90
-0.60,-0.65,0.27,-38.88,35.22,48.83,422.12,356.34,195.69,-0.68,0.47,0.57,-27.83,36.38,-40.71,-308.79,39.04,-6.84,90
-0.55,-0.64,-0.03,-29.79,21.91,30.09,440.40,381.92,185.11,-0.81,0.38,0.82,-28.87,18.13,-29.11,-324.76,58.56,-1.71,90
-0.57,-0.56,-0.10,-30.09,21.61,31.19,442.23,394.71,183.35,-0.72,0.23,0.64,-26.55,20.94,-26.73,-328.31,83.41,22.23,90
-0.69,-0.55,-0.11,-17.46,25.70,35.52,471.46,434.92,183.35,-0.81,0.18,0.59,-16.60,25.76,-32.23,-326.54,99.38,20.52,90
